spool 'JPUBWP1.log';

--------------------------------------------------------
--  File creato - mercoledì-dicembre-03-2014   
--------------------------------------------------------
--------------------------------------------------------
--  DDL for Table WP1_ANALISI_TREND
--------------------------------------------------------

  CREATE TABLE WP1_ANALISI_TREND 
   (	ID_ELAB NUMBER(10,0), 
	CODE_ACCOUNT VARCHAR2(6 BYTE), 
	IMPORTO_FT_CORRENTE NUMBER(18,2), 
	IMPORTO_NC_CORRENTE NUMBER(18,2), 
	MEDIA_FT NUMBER(18,2), 
	MEDIA_NC NUMBER(18,2), 
	PERC_DIFF_FAT NUMBER(18,2), 
	PERC_DIFF_NC NUMBER(18,2), 
	PERC_DIFF_TOT NUMBER(18,2)
   ) ;
--------------------------------------------------------
--  DDL for Table WP1_CONDITIONS
--------------------------------------------------------

  CREATE TABLE WP1_CONDITIONS 
   (	ID_CONDITION VARCHAR2(30 BYTE), 
	FIELD VARCHAR2(512 BYTE), 
	OPERATOR VARCHAR2(128 BYTE), 
	OPERANDS VARCHAR2(4000 BYTE), 
	FIELD_TYPE VARCHAR2(128 BYTE), 
	COND_TYPE VARCHAR2(10 BYTE)
   ) ;
--------------------------------------------------------
--  DDL for Table WP1_CONFIG
--------------------------------------------------------

  CREATE TABLE WP1_CONFIG 
   (	COMPONENT_NAME VARCHAR2(30 BYTE), 
	PARAM_NAME VARCHAR2(256 BYTE), 
	PARAM_VALUE VARCHAR2(512 BYTE), 
	ACTIVE NUMBER DEFAULT 1, 
	DESCR VARCHAR2(512 BYTE), 
	IS_MACRO NUMBER(1,0) DEFAULT 0
   ) ;
--------------------------------------------------------
--  DDL for Table WP1_CVS_SAP_DETT_BACKUP
--------------------------------------------------------

  CREATE TABLE WP1_CVS_SAP_DETT_BACKUP 
   (	CODE_DETT_SAP VARCHAR2(10 BYTE), 
	CODE_TEST_SAP VARCHAR2(10 BYTE), 
	CODE_MATERIALE VARCHAR2(18 BYTE), 
	VALO_IMPT_TOT NUMBER(10,2), 
	VALO_QNTA_PS NUMBER(10,3), 
	CODE_PROFIT_CENTER VARCHAR2(10 BYTE), 
	TEXT_NOTA_DETT VARCHAR2(127 BYTE), 
	ALIQUOTA NUMBER(5,2)
   ) ;
--------------------------------------------------------
--  DDL for Table WP1_CVS_SAP_TEST_BACKUP
--------------------------------------------------------

  CREATE TABLE WP1_CVS_SAP_TEST_BACKUP 
   (	CODE_TEST_SAP VARCHAR2(10 BYTE), 
	CODE_GEST_SAP VARCHAR2(10 BYTE), 
	CODE_FISC_GEST VARCHAR2(16 BYTE), 
	CODE_PARTITA_IVA VARCHAR2(13 BYTE), 
	CODE_ORG_COMM VARCHAR2(4 BYTE), 
	CODE_CANALE_DISTRIB VARCHAR2(2 BYTE), 
	CODE_SETT_MERC VARCHAR2(2 BYTE), 
	CODE_TIPO_ORD VARCHAR2(4 BYTE), 
	CODE_PROG_ORD VARCHAR2(4 BYTE), 
	DATA_ESTRAZ_DATI DATE, 
	CODE_TIPO_PAGAM VARCHAR2(4 BYTE), 
	DATA_INIZIO_CICLO_FATRZ DATE, 
	TEXT_NOTA_TEST VARCHAR2(216 BYTE), 
	FLAG_REPRICING VARCHAR2(1 BYTE)
   ) ;
--------------------------------------------------------
--  DDL for Table WP1_I5_2SP_TCKT_DETT_FAT_XDSL
--------------------------------------------------------

  CREATE TABLE WP1_I5_2SP_TCKT_DETT_FAT_XDSL 
   (	CODE_RIGA_FATTURA VARCHAR2(10 BYTE), 
	CODE_DOC_FATTURA VARCHAR2(7 BYTE), 
	CODE_OGG_FATRZ VARCHAR2(7 BYTE), 
	DATA_INIZIO_VALID_OF DATE, 
	CODE_INVENT VARCHAR2(10 BYTE), 
	CODE_TARIFFA VARCHAR2(7 BYTE), 
	CODE_PR_TARIFFA VARCHAR2(4 BYTE), 
	CODE_MOV_NON_RIC VARCHAR2(7 BYTE), 
	CODE_SCONTO VARCHAR2(5 BYTE), 
	DESC_RIGA_FATTURA VARCHAR2(255 BYTE), 
	IMPT_RIGA_FATTURA NUMBER(18,6), 
	QNTA_GG_OGG_FATRZ NUMBER(2,0), 
	DATA_DA DATE, 
	DATA_A DATE, 
	CODE_TIPO_CAUS_VARIAZ VARCHAR2(2 BYTE), 
	DATA_TRANSAZ DATE, 
	TIPO_FLAG_IMPT_RATEO CHAR(1 BYTE), 
	TIPO_FLAG_PRIMA_ATVZ CHAR(1 BYTE), 
	TIPO_FLAG_TARIFFA CHAR(1 BYTE), 
	CODE_ACCOUNT VARCHAR2(6 BYTE), 
	CODE_PROMOZIONE NUMBER(10,0), 
	ALIQUOTA NUMBER(5,2), 
	ID_TICKET VARCHAR2(30 BYTE), 
	ID_ELABORAZIONE NUMBER(16,0)
   ) ;
--------------------------------------------------------
--  DDL for Table WP1_I5_2SP_TCKT_NOTA_CRED_XDSL
--------------------------------------------------------

  CREATE TABLE WP1_I5_2SP_TCKT_NOTA_CRED_XDSL 
   (	CODE_RIGA_NOTA_CRED VARCHAR2(10 BYTE), 
	CODE_NOTA_CRED VARCHAR2(7 BYTE), 
	CODE_OGG_FATRZ VARCHAR2(7 BYTE), 
	DATA_INIZIO_VALID_OF DATE, 
	CODE_INVENT VARCHAR2(10 BYTE), 
	CODE_TARIFFA VARCHAR2(7 BYTE), 
	CODE_PR_TARIFFA VARCHAR2(4 BYTE), 
	CODE_MOV_NON_RIC VARCHAR2(7 BYTE), 
	CODE_SCONTO VARCHAR2(5 BYTE), 
	DESC_RIGA_NOTA_CRED VARCHAR2(100 BYTE), 
	IMPT_RIGA_NOTA_CRED NUMBER(18,6), 
	QNTA_GG_OGG_FATRZ NUMBER(2,0), 
	DATA_DA DATE, 
	DATA_A DATE, 
	DATA_TRANSAZ DATE, 
	DATA_AA_RIF_FATTURA VARCHAR2(4 BYTE), 
	DATA_MM_RIF_FATTURA VARCHAR2(2 BYTE), 
	TIPO_FLAG_IMPT_RATEO CHAR(1 BYTE), 
	TIPO_FLAG_TARIFFA CHAR(1 BYTE), 
	CODE_SCONTO_AGGR VARCHAR2(10 BYTE), 
	CODE_PR_SCONTO VARCHAR2(4 BYTE), 
	CODE_OFF_SCONTO VARCHAR2(4 BYTE), 
	CODE_FASCIA_SCONTO_AREA VARCHAR2(10 BYTE), 
	CODE_PR_FASCIA_SCONTO_AREA VARCHAR2(4 BYTE), 
	CODE_PENALE VARCHAR2(10 BYTE), 
	CODE_PR_PENALE VARCHAR2(4 BYTE), 
	DATA_VARIAZ DATE, 
	CODE_TIPO_CAUS_VARIAZ VARCHAR2(2 BYTE), 
	CODE_ACCOUNT VARCHAR2(6 BYTE), 
	CODE_PROMOZIONE NUMBER(10,0), 
	ALIQUOTA NUMBER(5,2), 
	ID_TICKET VARCHAR2(30 BYTE), 
	ID_ELABORAZIONE NUMBER(16,0)
   ) ;
--------------------------------------------------------
--  DDL for Table WP1_I5_4TCKT_ITRF_FAT_NP_CPS
--------------------------------------------------------

  CREATE TABLE WP1_I5_4TCKT_ITRF_FAT_NP_CPS 
   (	ID_TICKET VARCHAR2(255 BYTE), 
	ID_JOB VARCHAR2(255 BYTE), 
	ID_ELABORAZIONE NUMBER(16,0), 
	CODE_ITRF_FAT VARCHAR2(10 BYTE), 
	DESC_ID_RISORSA VARCHAR2(20 BYTE), 
	CODE_CAUS VARCHAR2(2 BYTE), 
	DATA_DRO DATE, 
	DATA_DVTC DATE, 
	DATA_DEST DATE, 
	CODE_STATO_PS VARCHAR2(2 BYTE), 
	CODE_PS_FATT VARCHAR2(4 BYTE), 
	CODE_CONTR VARCHAR2(6 BYTE), 
	CODE_DISTR VARCHAR2(4 BYTE), 
	QNTA_VALO NUMBER(6,1), 
	TIPO_FLAG_ACQ_RICH CHAR(1 BYTE), 
	DESC_ID_RISORSA_PRINC VARCHAR2(20 BYTE), 
	DATA_ACQ_CHIUS DATE, 
	CODE_CLLI VARCHAR2(12 BYTE), 
	SUB_TIPO_LINEA VARCHAR2(2 BYTE), 
	CODICE_ORDINE_ISP VARCHAR2(30 BYTE), 
	ID_ORD_CRMWS VARCHAR2(20 BYTE), 
	FLAG_PROV VARCHAR2(1 BYTE), 
	CODICE_CRM_PROV VARCHAR2(20 BYTE), 
	CODE_DONOR VARCHAR2(10 BYTE), 
	CODE_DONATING VARCHAR2(10 BYTE)
   ) ;
--------------------------------------------------------
--  DDL for Table WP1_I5_5TCKT_ITRF_FAT
--------------------------------------------------------

  CREATE TABLE WP1_I5_5TCKT_ITRF_FAT 
   (	ID_TICKET VARCHAR2(255 BYTE), 
	ID_JOB VARCHAR2(255 BYTE), 
	ID_ELABORAZIONE NUMBER(16,0), 
	CODE_ITRF_FAT VARCHAR2(10 BYTE), 
	CODE_RICH_ULL_TI VARCHAR2(31 BYTE), 
	DESC_ID_RISORSA VARCHAR2(259 BYTE), 
	CODE_TIPO_PREST CHAR(1 BYTE), 
	CODE_PREST_AGG VARCHAR2(4 BYTE), 
	CODE_CAUS_ULL VARCHAR2(2 BYTE), 
	CODE_COMUNE VARCHAR2(5 BYTE), 
	DATA_DRO DATE, 
	DATA_DVTC DATE, 
	DATA_DEST DATE, 
	CODE_STATO_PS_ULL VARCHAR2(2 BYTE), 
	CODE_PS_FATT VARCHAR2(6 BYTE), 
	DATA_ACQ_CHIUS DATE, 
	CODE_ID_ULLCO VARCHAR2(10 BYTE), 
	CODE_CONTR VARCHAR2(6 BYTE), 
	TIPO_FLAG_ACQ_RICH CHAR(1 BYTE), 
	CODE_TIPO_CONTR VARCHAR2(2 BYTE), 
	QNTA_VALO NUMBER(6,0), 
	CODE_DISTR VARCHAR2(4 BYTE), 
	CODE_TIPO_CAUS VARCHAR2(2 BYTE), 
	DESC_ID_RISORSA_OLD VARCHAR2(259 BYTE), 
	CODE_PS_FATT_OLD VARCHAR2(6 BYTE), 
	CODE_GEST_REC VARCHAR2(3 BYTE), 
	CODICE_PROGETTO VARCHAR2(10 BYTE), 
	DATA_INIZIO_NOL DATE, 
	CODE_PS_STS VARCHAR2(6 BYTE), 
	DESC_ID_RISORSA_PRIM VARCHAR2(259 BYTE), 
	FLAG_LINEA_NUM_AGG VARCHAR2(2 BYTE), 
	CODICE_QUALITA VARCHAR2(1 BYTE), 
	CODICE_DELIVERY VARCHAR2(10 BYTE), 
	CAMPO_SERV_IT VARCHAR2(10 BYTE), 
	ID_ORD_CRMWS VARCHAR2(31 BYTE), 
	FLAG_SPLITTER VARCHAR2(2 BYTE), 
	FLAG_MIGRAZIONE VARCHAR2(2 BYTE), 
	FLAG_QUALIFICAZIONE VARCHAR2(2 BYTE), 
	OPZ_COMM VARCHAR2(2 BYTE), 
	TIPO_LINEA VARCHAR2(2 BYTE), 
	TIPO_FAMIGLIA VARCHAR2(2 BYTE), 
	FLAG_PROV VARCHAR2(1 BYTE), 
	SUB_TIPO_LINEA_RESIDENZIALE VARCHAR2(2 BYTE), 
	SUB_TIPO_LINEA_DIREZIONE VARCHAR2(2 BYTE), 
	CODE_STS VARCHAR2(3 BYTE), 
	SUB_TIPO_LINEA VARCHAR2(2 BYTE), 
	MOD_VENDITA VARCHAR2(2 BYTE), 
	FLAG_PERMUTA VARCHAR2(2 BYTE), 
	FLAG_NP VARCHAR2(1 BYTE), 
	ID_RIS_AGGIUNTIVA VARCHAR2(30 BYTE), 
	CODICE_CRM_PROV VARCHAR2(20 BYTE), 
	CODE_CLLI VARCHAR2(12 BYTE), 
	CODE_ID_SLUCO VARCHAR2(20 BYTE), 
	FLAG_MANTENIMENTO_STS VARCHAR2(2 BYTE)
   ) ;
--------------------------------------------------------
--  DDL for Table WP1_I5_5TCKT_ITRF_FAT_XDSL
--------------------------------------------------------

  CREATE TABLE WP1_I5_5TCKT_ITRF_FAT_XDSL 
   (	ID_TICKET VARCHAR2(255 BYTE), 
	ID_JOB VARCHAR2(255 BYTE), 
	ID_ELABORAZIONE NUMBER(16,0), 
	CODE_ITRF_FAT_XDSL VARCHAR2(10 BYTE), 
	CODE_RICH_XDSL_TI VARCHAR2(31 BYTE), 
	DESC_ID_RISORSA VARCHAR2(259 BYTE), 
	CODE_TIPO_PREST VARCHAR2(2 BYTE), 
	CODE_PREST_AGG VARCHAR2(4 BYTE), 
	CODE_CAUS_XDSL VARCHAR2(2 BYTE), 
	CODE_TIPO_CAUS_VARIAZ VARCHAR2(2 BYTE), 
	CODE_COMUNE VARCHAR2(5 BYTE), 
	DATA_DRO DATE, 
	DATA_DVTC DATE, 
	DATA_DEST DATE, 
	CODE_STATO_PS_XDSL VARCHAR2(2 BYTE), 
	CODE_PS_FATT VARCHAR2(6 BYTE), 
	DATA_ACQ_CHIUS DATE, 
	CODE_CONTR VARCHAR2(6 BYTE), 
	TIPO_FLAG_ACQ_RICH CHAR(1 BYTE), 
	CODE_AREA_RACCOLTA VARCHAR2(4 BYTE), 
	CODE_NUM_TD VARCHAR2(20 BYTE), 
	CODE_LOTTO VARCHAR2(259 BYTE), 
	CODE_PS_FATT_PRINC VARCHAR2(6 BYTE), 
	VALO_MCR_LOTTO NUMBER(5,0), 
	VALO_PCR_LOTTO NUMBER(10,0), 
	DESC_CODE_VPI VARCHAR2(20 BYTE), 
	FLAG_TRASPORTO CHAR(1 BYTE), 
	NUM_CLIENTI_LOTTO NUMBER(10,0), 
	MOD_FATTURAZIONE VARCHAR2(2 BYTE), 
	TIPO_FLAG_SPLITTER CHAR(1 BYTE), 
	VALO_PCR_UP_VC NUMBER(10,0), 
	VALO_MCR_UP_VC NUMBER(5,0), 
	VALO_PCR_DOWN_VC NUMBER(10,0), 
	VALO_MCR_DOWN_VC NUMBER(5,0), 
	OPZ_OFF_CALC VARCHAR2(2 BYTE), 
	TIPO_MODEM VARCHAR2(3 BYTE), 
	CODE_TIPO_CONTR VARCHAR2(2 BYTE), 
	MOD_FATTURAZIONE_TRASP VARCHAR2(2 BYTE), 
	DESC_CODE_VPI_TRASP VARCHAR2(20 BYTE), 
	TIPO_DOMINIO VARCHAR2(2 BYTE), 
	MOD_VENDITA VARCHAR2(2 BYTE), 
	TIPO_FAMIGLIA VARCHAR2(2 BYTE), 
	OPZ_COMM VARCHAR2(2 BYTE), 
	TIPO_PROT VARCHAR2(2 BYTE), 
	TIPO_LINEA VARCHAR2(2 BYTE), 
	SUBNET_EASYIP VARCHAR2(2 BYTE), 
	TIPO_MODULAZ VARCHAR2(2 BYTE), 
	MOD_ACCESSO VARCHAR2(2 BYTE), 
	TIPO_VALID VARCHAR2(2 BYTE), 
	FLAG_MODEM VARCHAR2(2 BYTE), 
	CLASSE_SERV VARCHAR2(2 BYTE), 
	SCR_UP_VC NUMBER(10,0), 
	SCR_DOWN_VC NUMBER(10,0), 
	TIPO_MOD_FAT VARCHAR2(2 BYTE), 
	MCR_TRASP NUMBER(10,0), 
	BANDA_CVP NUMBER(5,0), 
	MOD_INDIR VARCHAR2(2 BYTE), 
	MOD_CONS VARCHAR2(2 BYTE), 
	CODE_ITRF_FAT_XDSL_PROV VARCHAR2(10 BYTE), 
	FLAG_PROV VARCHAR2(1 BYTE), 
	ID_ACCESSO VARCHAR2(259 BYTE), 
	DATA_ACQUISIZIONE DATE, 
	OPZ_CONTRATTUALE VARCHAR2(2 BYTE), 
	TIPO_PROVENIENZA VARCHAR2(2 BYTE), 
	UTENZA_RIF VARCHAR2(12 BYTE), 
	CODE_OL VARCHAR2(30 BYTE), 
	DATA_INIZIO_NOL DATE, 
	TIPO_SLA_PLUS VARCHAR2(2 BYTE), 
	OFFERTA_SLA_PLUS VARCHAR2(2 BYTE), 
	COPERTURA_ORARIA VARCHAR2(2 BYTE), 
	FLAG_DISP VARCHAR2(2 BYTE), 
	CODICE_PROGETTO VARCHAR2(10 BYTE), 
	VALO_PCR_UP_VC_OLD NUMBER(10,0), 
	VALO_PCR_DOWN_VC_OLD NUMBER(10,0), 
	FLAG_ESITO_PREQ VARCHAR2(1 BYTE), 
	CODE_CLLI VARCHAR2(12 BYTE), 
	ID_RIS_OLD VARCHAR2(259 BYTE), 
	PROFILO_ACCESSO VARCHAR2(4 BYTE), 
	CODE_PROFILO_ESTESO VARCHAR2(2 BYTE), 
	CODE_MACRO_AREA VARCHAR2(4 BYTE), 
	FLAG_PRIMA_ATTIV VARCHAR2(2 BYTE), 
	COUNT_VLAN NUMBER(10,0), 
	CODE_IDBRE_DSLAM VARCHAR2(6 BYTE), 
	FLAG_NUOVO_FEEDER VARCHAR2(2 BYTE), 
	COUNT_FEEDER NUMBER(10,0), 
	ID_ORD_CRMWS VARCHAR2(20 BYTE), 
	CODICE_QUALITA VARCHAR2(1 BYTE), 
	CODICE_DELIVERY VARCHAR2(10 BYTE), 
	CAMPO_SERV_IT VARCHAR2(10 BYTE), 
	FLAG_MONITORAGGIO VARCHAR2(2 BYTE), 
	TECNOLOGIA VARCHAR2(1 BYTE), 
	VLAN_TIPO_BANDA VARCHAR2(2 BYTE), 
	VLAN_ACCE_TIPO VARCHAR2(2 BYTE), 
	VLAN_QUALITA VARCHAR2(2 BYTE), 
	VLAN_CAR NUMBER(4,0), 
	ACCE_MODALITA VARCHAR2(2 BYTE), 
	ID_CVLAN VARCHAR2(259 BYTE)
   ) ;
--------------------------------------------------------
--  DDL for Table WP1_I5_5TCKT_SCARTI_VALORIZ
--------------------------------------------------------

  CREATE TABLE WP1_I5_5TCKT_SCARTI_VALORIZ 
   (	ID_TICKET VARCHAR2(255 BYTE), 
	ID_JOB VARCHAR2(255 BYTE), 
	ID_ELABORAZIONE NUMBER(16,0), 
	CODE_ITRF_FAT_XDSL_XML_RIF VARCHAR2(30 BYTE), 
	CODE_SCARTO VARCHAR2(10 BYTE), 
	DESC_SCARTO VARCHAR2(512 BYTE), 
	DATA_SCARTO DATE, 
	DATA_CHIUSURA_SCARTO DATE, 
	STATO_SCARTO VARCHAR2(1 BYTE), 
	DESC_ID_RISORSA VARCHAR2(30 BYTE), 
	CODE_TIPO_CONTR VARCHAR2(2 BYTE), 
	CODE_CONTR VARCHAR2(6 BYTE), 
	CODE_TRACCIATO VARCHAR2(4 BYTE), 
	CODE_DETT_SCARTO VARCHAR2(10 BYTE), 
	CHIAVE_PITA_JPUB VARCHAR2(50 BYTE), 
	FLAG_PROV VARCHAR2(1 BYTE), 
	CODE_ITRF_FAT_XDSL_JPUB VARCHAR2(10 BYTE), 
	SEQ_SCARTO NUMBER, 
	DATA_DRO DATE
   ) ;
--------------------------------------------------------
--  DDL for Table WP1_INSTANCE_EXEC
--------------------------------------------------------

  CREATE TABLE WP1_INSTANCE_EXEC 
   (	ID_TICKET VARCHAR2(30 BYTE), 
	ID_JOB VARCHAR2(30 BYTE), 
	COUNTER NUMBER(9,0) DEFAULT 0
   ) ;
--------------------------------------------------------
--  DDL for Table WP1_INSTANCE_PARAMETERS
--------------------------------------------------------

  CREATE TABLE WP1_INSTANCE_PARAMETERS 
   (	NAME_PARAM VARCHAR2(30 BYTE), 
	ID_TICKET VARCHAR2(30 BYTE), 
	ID_JOB VARCHAR2(30 BYTE), 
	VAL_PARAM VARCHAR2(512 BYTE), 
	IS_MACRO NUMBER DEFAULT 0, 
	COUNTER NUMBER(9,0)
   ) ;
--------------------------------------------------------
--  DDL for Table WP1_JOB
--------------------------------------------------------

  CREATE TABLE WP1_JOB 
   (	ID_JOB VARCHAR2(30 BYTE), 
	DESCRIZIONE VARCHAR2(512 BYTE), 
	ACTIVE NUMBER(1,0) DEFAULT 1, 
	JOB_TYPE VARCHAR2(10 BYTE), 
	CODE_TIPO_CONTR VARCHAR2(30 BYTE), 
	MASTERTABLE VARCHAR2(255 BYTE)
   ) ;
--------------------------------------------------------
--  DDL for Table WP1_JOB_CONDITION
--------------------------------------------------------

  CREATE TABLE WP1_JOB_CONDITION 
   (	ID_JOB VARCHAR2(30 BYTE), 
	ID_CONDITION VARCHAR2(30 BYTE), 
	OPTIONAL NUMBER(1,0) DEFAULT 0
   ) ;
--------------------------------------------------------
--  DDL for Table WP1_JOB_OPERATION
--------------------------------------------------------

  CREATE TABLE WP1_JOB_OPERATION 
   (	ID_JOB VARCHAR2(30 BYTE), 
	ID_OPERATION VARCHAR2(30 BYTE)
   ) ;
--------------------------------------------------------
--  DDL for Table WP1_LOG
--------------------------------------------------------

  CREATE TABLE WP1_LOG 
   (	TS NUMBER, 
	ID_ELAB NUMBER, 
	ID_TICKET VARCHAR2(30 BYTE), 
	ID_JOB VARCHAR2(30 BYTE), 
	MESSAGGIO CLOB, 
	DATA_INS DATE
   ) ;
--------------------------------------------------------
--  DDL for Table WP1_LOG_KEY
--------------------------------------------------------

  CREATE TABLE WP1_LOG_KEY 
   (	ID_JOB VARCHAR2(30 BYTE), 
	ID_KEY_VARCHAR VARCHAR2(255 BYTE), 
	ID_KEY_NUMBER NUMBER, 
	ID_KEY2_VARCHAR VARCHAR2(255 BYTE), 
	ID_KEY2_NUMBER NUMBER, 
	ID_TICKET VARCHAR2(30 BYTE), 
	CONTATORE NUMBER
   ) ;
--------------------------------------------------------
--  DDL for Table WP1_OPERATIONS
--------------------------------------------------------

  CREATE TABLE WP1_OPERATIONS 
   (	ID_OPERATION VARCHAR2(30 BYTE), 
	FIELD VARCHAR2(512 BYTE), 
	OPERATOR VARCHAR2(512 BYTE), 
	OPERAND VARCHAR2(4000 BYTE), 
	OP_TYPE VARCHAR2(10 BYTE)
   ) ;
--------------------------------------------------------
--  DDL for Table WP1_SERVICES
--------------------------------------------------------

  CREATE TABLE WP1_SERVICES 
   (	ID_SERVICE VARCHAR2(30 BYTE), 
	DESCRIZIONE VARCHAR2(512 BYTE), 
	ID_MACRO_SERVICE VARCHAR2(20 BYTE)
   ) ;
--------------------------------------------------------
--  DDL for Table WP1_TABLE_KEY
--------------------------------------------------------

  CREATE GLOBAL TEMPORARY TABLE WP1_TABLE_KEY 
   (	ID_KEY_VARCHAR VARCHAR2(255 BYTE), 
	ID_KEY_NUMBER NUMBER, 
	ID_KEY2_VARCHAR VARCHAR2(255 BYTE), 
	ID_KEY2_NUMBER NUMBER
   ) ON COMMIT DELETE ROWS ;
--------------------------------------------------------
--  DDL for Table WP1_TICKETGA
--------------------------------------------------------

  CREATE TABLE WP1_TICKETGA 
   (	ID_TICKET VARCHAR2(30 BYTE), 
	DATA_EMISSIONE DATE, 
	DATA_INIZIO_VAL DATE, 
	DATA_FINE_VAL DATE, 
	USER_NWS VARCHAR2(20 BYTE), 
	USER_GA VARCHAR2(20 BYTE), 
	SYSTEM VARCHAR2(10 BYTE), 
	DESCRIZIONE VARCHAR2(512 BYTE), 
	ORDINAMENTO NUMBER(9,0), 
	ACTIVE NUMBER(1,0) DEFAULT 1, 
	TICKET_TYPE VARCHAR2(10 BYTE), 
	CODE_TIPO_CONTR VARCHAR2(2 BYTE)
   ) ;
--------------------------------------------------------
--  DDL for Table WP1_TICKETGA_ELABORATION
--------------------------------------------------------

  CREATE TABLE WP1_TICKETGA_ELABORATION 
   (	ID_ELABORAZIONE NUMBER(12,0), 
	ID_TICKET VARCHAR2(30 BYTE), 
	DESCRIZIONE_ERRORE VARCHAR2(4000 BYTE), 
	ESITO VARCHAR2(10 BYTE), 
	DATA_MODIFICA DATE
   ) ;
--------------------------------------------------------
--  DDL for Table WP1_TICKETGA_ELABORATION_DET
--------------------------------------------------------

  CREATE TABLE WP1_TICKETGA_ELABORATION_DET 
   (	ID_ELABORAZIONE NUMBER(12,0), 
	ID_TICKET VARCHAR2(30 BYTE), 
	ID_JOB VARCHAR2(30 BYTE), 
	ID_CONDITION VARCHAR2(30 BYTE), 
	ID_OPERATION VARCHAR2(30 BYTE), 
	DESCRIZIONE VARCHAR2(4000 BYTE), 
	ESITO VARCHAR2(10 BYTE), 
	CONTATORE NUMBER, 
	DATA_MODIFICA DATE
   ) ;
--------------------------------------------------------
--  DDL for Table WP1JOB_TEMP
--------------------------------------------------------

  CREATE GLOBAL TEMPORARY TABLE WP1JOB_TEMP 
   (	PARAM_NAME VARCHAR2(255 BYTE), 
	PARAM_VALUE VARCHAR2(512 BYTE)
   ) ON COMMIT DELETE ROWS ;
REM INSERTING into WP1_ANALISI_TREND
SET DEFINE OFF;
REM INSERTING into WP1_CONDITIONS
SET DEFINE OFF;
Insert into WP1_CONDITIONS (ID_CONDITION,FIELD,OPERATOR,OPERANDS,FIELD_TYPE,COND_TYPE) values ('SELECT_ACCOUNT_IN_FATT','PKG_WP1_ANALISI_TREND.GET_ACCOUNT_CON_FATTURA','COMPLEX','N/A','STRING','TREND');
Insert into WP1_CONDITIONS (ID_CONDITION,FIELD,OPERATOR,OPERANDS,FIELD_TYPE,COND_TYPE) values ('COND_OL_TO_VAL_OPERATORI_CES1','PKG_WP1_PREVAL.COND_OL_TO_VAL_OPERATORI_CES1','COMPLEX','N/A','NUMBER','PREVAL');
Insert into WP1_CONDITIONS (ID_CONDITION,FIELD,OPERATOR,OPERANDS,FIELD_TYPE,COND_TYPE) values ('COND_OL_TO_VAL_OPERATORI_CES2','PKG_WP1_PREVAL.COND_OL_TO_VAL_OPERATORI_CES2','COMPLEX','N/A','STRING','PREVAL');
Insert into WP1_CONDITIONS (ID_CONDITION,FIELD,OPERATOR,OPERANDS,FIELD_TYPE,COND_TYPE) values ('COND_OL_TO_VAL_OPERATORI_CES3','PKG_WP1_PREVAL.COND_OL_TO_VAL_OPERATORI_CES3','COMPLEX','N/A','NUMBER','PREVAL');
Insert into WP1_CONDITIONS (ID_CONDITION,FIELD,OPERATOR,OPERANDS,FIELD_TYPE,COND_TYPE) values ('COND_OL_TO_VAL_OPERATORI_CES4','PKG_WP1_PREVAL.COND_OL_TO_VAL_OPERATORI_CES4','COMPLEX','N/A','STRING','PREVAL');
Insert into WP1_CONDITIONS (ID_CONDITION,FIELD,OPERATOR,OPERANDS,FIELD_TYPE,COND_TYPE) values ('COND_OL_TO_VAL_OPERATORI_CES5','PKG_WP1_PREVAL.COND_OL_TO_VAL_OPERATORI_CES5','COMPLEX','N/A','STRING','PREVAL');
Insert into WP1_CONDITIONS (ID_CONDITION,FIELD,OPERATOR,OPERANDS,FIELD_TYPE,COND_TYPE) values ('COND_OL_TO_VAL_OPERATORI_CES6','PKG_WP1_PREVAL.COND_OL_TO_VAL_OPERATORI_CES6','COMPLEX','N/A','STRING','PREVAL');
Insert into WP1_CONDITIONS (ID_CONDITION,FIELD,OPERATOR,OPERANDS,FIELD_TYPE,COND_TYPE) values ('PRV_CND_5TRF_FT_DATA_DST_GT','I5_5ITRF_FAT.DATA_DEST','>','I5_5ITRF_FAT.DATA_ACQ_CHIUS','TABLE','PREVAL');
Insert into WP1_CONDITIONS (ID_CONDITION,FIELD,OPERATOR,OPERANDS,FIELD_TYPE,COND_TYPE) values ('PRV_CND_5TRF_FTX_DTA_DST_GT','I5_5ITRF_FAT_XDSL.DATA_DEST','>','I5_5ITRF_FAT_XDSL.DATA_ACQ_CHIUS','TABLE','PREVAL');
Insert into WP1_CONDITIONS (ID_CONDITION,FIELD,OPERATOR,OPERANDS,FIELD_TYPE,COND_TYPE) values ('PRV_CND_4TRF_FT_NP_DATA_DST_GT','I5_4ITRF_FAT_NP_CPS.DATA_DEST','>','I5_4ITRF_FAT_NP_CPS.DATA_ACQ_CHIUS','TABLE','PREVAL');
Insert into WP1_CONDITIONS (ID_CONDITION,FIELD,OPERATOR,OPERANDS,FIELD_TYPE,COND_TYPE) values ('PRV-OPR-5ITRF_FT_CD-CAU_ULL_9','I5_5ITRF_FAT.CODE_CAUS_ULL','=','9','STRING','PREVAL');
Insert into WP1_CONDITIONS (ID_CONDITION,FIELD,OPERATOR,OPERANDS,FIELD_TYPE,COND_TYPE) values ('PRV_CND_5ITRF_FT_CD_ST_PS_U_E1','I5_5ITRF_FAT.CODE_STATO_PS_ULL','=','1','STRING','PREVAL');
Insert into WP1_CONDITIONS (ID_CONDITION,FIELD,OPERATOR,OPERANDS,FIELD_TYPE,COND_TYPE) values ('PRV_CND_5ITRF_FT_CD_TP_CONTR','I5_5ITRF_FAT.CODE_TIPO_CONTR','=','9','STRING','PREVAL');
Insert into WP1_CONDITIONS (ID_CONDITION,FIELD,OPERATOR,OPERANDS,FIELD_TYPE,COND_TYPE) values ('PRV-CN-4ITRF-TIP_FLG_ACQ_RH-EQ','I5_4ITRF_FAT_NP_CPS.TIPO_FLAG_ACQ_RICH','=','$RIS_NON_ACQ$','STRING','PREVAL');
Insert into WP1_CONDITIONS (ID_CONDITION,FIELD,OPERATOR,OPERANDS,FIELD_TYPE,COND_TYPE) values ('PRV-CN-4ITRF-DTA-ACQ-CHIUS-MIN','I5_4ITRF_FAT_NP_CPS.DATA_ACQ_CHIUS','<','$DATA_INIZIO_PERIODO$','DATE','PREVAL');
Insert into WP1_CONDITIONS (ID_CONDITION,FIELD,OPERATOR,OPERANDS,FIELD_TYPE,COND_TYPE) values ('PRV-CN-4ITRF-CODE_COTR-TABLE','I5_4ITRF_FAT_NP_CPS.CODE_CONTR','=','I5_1CONTR.CODE_CONTR','TABLE','PREVAL');
Insert into WP1_CONDITIONS (ID_CONDITION,FIELD,OPERATOR,OPERANDS,FIELD_TYPE,COND_TYPE) values ('PRV-CN-CODE_TIPO_CNTR_EQ','I5_1CONTR.CODE_TIPO_CONTR','=','$CODE_TIPO_CONTR$','STRING','PREVAL');
Insert into WP1_CONDITIONS (ID_CONDITION,FIELD,OPERATOR,OPERANDS,FIELD_TYPE,COND_TYPE) values ('PRV-CN-FLAG_SYS_EQ','I5_1CONTR.FLAG_SYS','=','S','STRING','PREVAL');
Insert into WP1_CONDITIONS (ID_CONDITION,FIELD,OPERATOR,OPERANDS,FIELD_TYPE,COND_TYPE) values ('PRV-CN-5ITRF-TIP_FLG_ACQ_RH-EQ','I5_5ITRF_FAT.TIPO_FLAG_ACQ_RICH','=','$RIS_NON_ACQ$','STRING','PREVAL');
Insert into WP1_CONDITIONS (ID_CONDITION,FIELD,OPERATOR,OPERANDS,FIELD_TYPE,COND_TYPE) values ('PRV-CN-5ITRF-DTA-ACQ-CHIUS-MIN','I5_5ITRF_FAT.DATA_ACQ_CHIUS','<','$DATA_INIZIO_PERIODO$','DATE','PREVAL');
Insert into WP1_CONDITIONS (ID_CONDITION,FIELD,OPERATOR,OPERANDS,FIELD_TYPE,COND_TYPE) values ('PRV-CN-5ITRF-CODE_COTR-TABLE','I5_5ITRF_FAT.CODE_CONTR','=','I5_1CONTR.CODE_CONTR','TABLE','PREVAL');
Insert into WP1_CONDITIONS (ID_CONDITION,FIELD,OPERATOR,OPERANDS,FIELD_TYPE,COND_TYPE) values ('PRV-CN-5ITRX-TIP_FLG_ACQ_RH-EQ','I5_5ITRF_FAT_XDSL.TIPO_FLAG_ACQ_RICH','=','$RIS_NON_ACQ$','STRING','PREVAL');
Insert into WP1_CONDITIONS (ID_CONDITION,FIELD,OPERATOR,OPERANDS,FIELD_TYPE,COND_TYPE) values ('PRV-CN-5ITRX-DTA-ACQ-CHIUS-MIN','I5_5ITRF_FAT_XDSL.DATA_ACQ_CHIUS','<','$DATA_INIZIO_PERIODO$','DATE','PREVAL');
Insert into WP1_CONDITIONS (ID_CONDITION,FIELD,OPERATOR,OPERANDS,FIELD_TYPE,COND_TYPE) values ('PRV-CN-5ITRX-CODE_COTR-TABLE','I5_5ITRF_FAT_XDSL.CODE_CONTR','=','I5_1CONTR.CODE_CONTR','TABLE','PREVAL');
Insert into WP1_CONDITIONS (ID_CONDITION,FIELD,OPERATOR,OPERANDS,FIELD_TYPE,COND_TYPE) values ('PRV-CN-4ITRF-TP_FL_ACQ_RH-EQ-P','I5_4ITRF_FAT_NP_CPS.TIPO_FLAG_ACQ_RICH','=','$RIS_BLOCK$','STRING','PREVAL');
Insert into WP1_CONDITIONS (ID_CONDITION,FIELD,OPERATOR,OPERANDS,FIELD_TYPE,COND_TYPE) values ('PRV-CN-4ITRF-DT-ACQ-CHS-MIN-DF','I5_4ITRF_FAT_NP_CPS.DATA_ACQ_CHIUS','<','$DATA_FINE_PERIODO$','DATE','PREVAL');
Insert into WP1_CONDITIONS (ID_CONDITION,FIELD,OPERATOR,OPERANDS,FIELD_TYPE,COND_TYPE) values ('PRV-CN-5ITRF-TP_FL_ACQ_RH-EQ-P','I5_5ITRF_FAT.TIPO_FLAG_ACQ_RICH','=','$RIS_BLOCK$','STRING','PREVAL');
Insert into WP1_CONDITIONS (ID_CONDITION,FIELD,OPERATOR,OPERANDS,FIELD_TYPE,COND_TYPE) values ('PRV-CN-5ITRF-DA-ACQ-CHS-MIN-DF','I5_5ITRF_FAT.DATA_ACQ_CHIUS','<','$DATA_FINE_PERIODO$','DATE','PREVAL');
Insert into WP1_CONDITIONS (ID_CONDITION,FIELD,OPERATOR,OPERANDS,FIELD_TYPE,COND_TYPE) values ('PRV-CN-5ITRX-TP_FL_ACQ_RH-EQ-P','I5_5ITRF_FAT_XDSL.TIPO_FLAG_ACQ_RICH','=','$RIS_BLOCK$','STRING','PREVAL');
Insert into WP1_CONDITIONS (ID_CONDITION,FIELD,OPERATOR,OPERANDS,FIELD_TYPE,COND_TYPE) values ('PRV-CN-5ITRX-DTA-ACQ-CHS-MN-DF','I5_5ITRF_FAT_XDSL.DATA_ACQ_CHIUS','<','$DATA_FINE_PERIODO$','DATE','PREVAL');
Insert into WP1_CONDITIONS (ID_CONDITION,FIELD,OPERATOR,OPERANDS,FIELD_TYPE,COND_TYPE) values ('PRV-CN-5ITRX-DTA-ACQ-CHIUS-MEQ','I5_5ITRF_FAT_XDSL.DATA_ACQ_CHIUS','>=','$DATA_INIZIO_PERIODO$','DATE','PREVAL');
Insert into WP1_CONDITIONS (ID_CONDITION,FIELD,OPERATOR,OPERANDS,FIELD_TYPE,COND_TYPE) values ('PRV-CN-5ITRX-TP_FL_ACQ_RH-IN','I5_5ITRF_FAT_XDSL.TIPO_FLAG_ACQ_RICH','RAWSTATEMENT','IN (''$RIS_NON_ACQ$'',''$RIS_BLOCK$'')','STRING','PREVAL');
Insert into WP1_CONDITIONS (ID_CONDITION,FIELD,OPERATOR,OPERANDS,FIELD_TYPE,COND_TYPE) values ('PRV-CN-5ITRX-CODE_OL_LIKE','I5_5ITRF_FAT_XDSL.CODE_OL','LIKE','%''''%','STRING','PREVAL');
Insert into WP1_CONDITIONS (ID_CONDITION,FIELD,OPERATOR,OPERANDS,FIELD_TYPE,COND_TYPE) values ('PRV_CND_5TRF_FT_DATA_ORD_GT','I5_5ITRF_FAT.DATA_DRO','>','I5_5ITRF_FAT.DATA_DEST','TABLE','PREVAL');
Insert into WP1_CONDITIONS (ID_CONDITION,FIELD,OPERATOR,OPERANDS,FIELD_TYPE,COND_TYPE) values ('PRV_CND_5TRF_FTX_DATA_ORD_GT','I5_5ITRF_FAT_XDSL.DATA_DRO','>','I5_5ITRF_FAT_XDSL.DATA_DEST','TABLE','PREVAL');
Insert into WP1_CONDITIONS (ID_CONDITION,FIELD,OPERATOR,OPERANDS,FIELD_TYPE,COND_TYPE) values ('PRV_CND_4TRF_FT_NP_DATA_ORD_GT','I5_4ITRF_FAT_NP_CPS.DATA_DRO','>','I5_4ITRF_FAT_NP_CPS.DATA_DEST','TABLE','PREVAL');
Insert into WP1_CONDITIONS (ID_CONDITION,FIELD,OPERATOR,OPERANDS,FIELD_TYPE,COND_TYPE) values ('COND_OL_DOPPI_NP_XDSL','PKG_WP1_PREVAL.COND_OL_DOPPI_NP_XDSL','COMPLEX','N/A','STRING','PREVAL');
Insert into WP1_CONDITIONS (ID_CONDITION,FIELD,OPERATOR,OPERANDS,FIELD_TYPE,COND_TYPE) values ('CND-CN-5ITRF-ID_ACCESS-IS-NULL','I5_5ITRF_FAT_XDSL.ID_ACCESSO','=','NULL','STRING','PREVAL');
Insert into WP1_CONDITIONS (ID_CONDITION,FIELD,OPERATOR,OPERANDS,FIELD_TYPE,COND_TYPE) values ('COND_OL_DOPPI_SERV_REGOL_NWLR','PKG_WP1_PREVAL.COND_OL_DOPPI_SERV_REGOL_NWLR','COMPLEX','N/A','STRING','PREVAL');
Insert into WP1_CONDITIONS (ID_CONDITION,FIELD,OPERATOR,OPERANDS,FIELD_TYPE,COND_TYPE) values ('COND_OL_DOPPI_SERV_REGOL_OWLR','PKG_WP1_PREVAL.COND_OL_DOPPI_SERV_REGOL_OWLR','COMPLEX','N/A','STRING','PREVAL');
Insert into WP1_CONDITIONS (ID_CONDITION,FIELD,OPERATOR,OPERANDS,FIELD_TYPE,COND_TYPE) values ('COND_OL_DOPPI_NP_CPS','PKG_WP1_PREVAL.COND_OL_DOPPI_NP_CPS','COMPLEX','N/A','STRING','PREVAL');
Insert into WP1_CONDITIONS (ID_CONDITION,FIELD,OPERATOR,OPERANDS,FIELD_TYPE,COND_TYPE) values ('CND-CN-5ITRF-CODE_PS_FATT','I5_5ITRF_FAT_XDSL.CODE_PS_FATT','RAWSTATEMENT','IN (''420080'',''420082'',''420084'')','STRING','PREVAL');
Insert into WP1_CONDITIONS (ID_CONDITION,FIELD,OPERATOR,OPERANDS,FIELD_TYPE,COND_TYPE) values ('PRV_CND_4TRF_FT_NP_CDE_PS_FAT','I5_4ITRF_FAT_NP_CPS.CODE_PS_FATT','!=','250','STRING','PREVAL');
Insert into WP1_CONDITIONS (ID_CONDITION,FIELD,OPERATOR,OPERANDS,FIELD_TYPE,COND_TYPE) values ('PRV_CND_4TRF_FT_NP_CDE_STAT_PS','I5_4ITRF_FAT_NP_CPS.CODE_STATO_PS','=','7','STRING','PREVAL');
Insert into WP1_CONDITIONS (ID_CONDITION,FIELD,OPERATOR,OPERANDS,FIELD_TYPE,COND_TYPE) values ('PRV_CND_4TRF_FT_NP_TP_FL_AQ_IN','I5_4ITRF_FAT_NP_CPS.TIPO_FLAG_ACQ_RICH','RAWSTATEMENT','IN (''$RIS_NON_ACQ$'',''$RIS_BLOCK$'')','STRING','PREVAL');
Insert into WP1_CONDITIONS (ID_CONDITION,FIELD,OPERATOR,OPERANDS,FIELD_TYPE,COND_TYPE) values ('COND_OL_CESS_SERV_NP_WLR','PKG_WP1_PREVAL.COND_OL_CESS_SERV_NP_WLR','COMPLEX','N/A','STRING','PREVAL');
Insert into WP1_CONDITIONS (ID_CONDITION,FIELD,OPERATOR,OPERANDS,FIELD_TYPE,COND_TYPE) values ('PRV_CND_5ITRF_FAT_CDE_CAU_U_EQ','I5_5ITRF_FAT.CODE_CAUS_ULL','=','5','STRING','PREVAL');
Insert into WP1_CONDITIONS (ID_CONDITION,FIELD,OPERATOR,OPERANDS,FIELD_TYPE,COND_TYPE) values ('PRV_CND_5ITRF_FT_CD_ST_PS_U_EQ','I5_5ITRF_FAT.CODE_STATO_PS_ULL','=','7','STRING','PREVAL');
Insert into WP1_CONDITIONS (ID_CONDITION,FIELD,OPERATOR,OPERANDS,FIELD_TYPE,COND_TYPE) values ('PRV_CND_5ITRF_FAT_CDE_TP_CS_EQ','I5_5ITRF_FAT.CODE_TIPO_CAUS','=','16','STRING','PREVAL');
Insert into WP1_CONDITIONS (ID_CONDITION,FIELD,OPERATOR,OPERANDS,FIELD_TYPE,COND_TYPE) values ('PRV_CND_5TRF_FT_NP_TP_FL_AQ_IN','I5_5ITRF_FAT.TIPO_FLAG_ACQ_RICH','RAWSTATEMENT','IN (''$RIS_NON_ACQ$'',''$RIS_BLOCK$'')','STRING','PREVAL');
Insert into WP1_CONDITIONS (ID_CONDITION,FIELD,OPERATOR,OPERANDS,FIELD_TYPE,COND_TYPE) values ('PRV-CN-5ITRF-DA-ACQ-CHS-MEQ-DF','I5_5ITRF_FAT.DATA_ACQ_CHIUS','>=','$DATA_INIZIO_PERIODO$','DATE','PREVAL');
Insert into WP1_CONDITIONS (ID_CONDITION,FIELD,OPERATOR,OPERANDS,FIELD_TYPE,COND_TYPE) values ('PRV-CN-5ITRF-DA-ACQ-CHS-MIQ-DF','I5_5ITRF_FAT.DATA_ACQ_CHIUS','<=','$DATA_INIZIO_PERIODO$','DATE','PREVAL');
Insert into WP1_CONDITIONS (ID_CONDITION,FIELD,OPERATOR,OPERANDS,FIELD_TYPE,COND_TYPE) values ('PRV_CND_5ITRF_FAT_CDE_CA_U_EQ2','I5_5ITRF_FAT.CODE_CAUS_ULL','=','2','STRING','PREVAL');
Insert into WP1_CONDITIONS (ID_CONDITION,FIELD,OPERATOR,OPERANDS,FIELD_TYPE,COND_TYPE) values ('PRV_CND_5ITRF_FT_CD_ST_PS_U_D7','I5_5ITRF_FAT.CODE_STATO_PS_ULL','!=','7','STRING','PREVAL');
Insert into WP1_CONDITIONS (ID_CONDITION,FIELD,OPERATOR,OPERANDS,FIELD_TYPE,COND_TYPE) values ('COND_CODPROGCESS_WIN1106WLR','PKG_WP1_PREVAL.COND_CODPROGCESS_WIN1106WLR','COMPLEX','N/A','STRING','PREVAL');
Insert into WP1_CONDITIONS (ID_CONDITION,FIELD,OPERATOR,OPERANDS,FIELD_TYPE,COND_TYPE) values ('PRV_CND_I5_1CONTR_FLG_SYS_48','I5_1CONTR.CODE_TIPO_CONTR','=','48','STRING','PREVAL');
Insert into WP1_CONDITIONS (ID_CONDITION,FIELD,OPERATOR,OPERANDS,FIELD_TYPE,COND_TYPE) values ('PRV_CND_I5_1CONTR_FLG_SYS_IN_1','I5_1CONTR.CODE_GEST','RAWSTATEMENT','IN (''AXL'',''FOR'',''NEE'',''NXI'',''NBE'',''PTT'',''PRU'',''SLN'',''SOO'',''TPK'',''WII'',''XMA'',''XST'',''MGA'')','STRING','PREVAL');
Insert into WP1_CONDITIONS (ID_CONDITION,FIELD,OPERATOR,OPERANDS,FIELD_TYPE,COND_TYPE) values ('COND_ALLIN_DATA_ACQ_REG','PKG_WP1_PREVAL.COND_ALLIN_DATA_ACQ_REG','COMPLEX','N/A','STRING','PREVAL');
Insert into WP1_CONDITIONS (ID_CONDITION,FIELD,OPERATOR,OPERANDS,FIELD_TYPE,COND_TYPE) values ('COND_ALLIN_DATA_ACQ_XDSL','PKG_WP1_PREVAL.COND_ALLIN_DATA_ACQ_XDSL','COMPLEX','N/A','STRING','PREVAL');
Insert into WP1_CONDITIONS (ID_CONDITION,FIELD,OPERATOR,OPERANDS,FIELD_TYPE,COND_TYPE) values ('COND_EASYIP_SP_OP_NON_MIGR','PKG_WP1_PREVAL.COND_EASYIP_SP_OP_NON_MIGR','COMPLEX','N/A','STRING','PREVAL');
Insert into WP1_CONDITIONS (ID_CONDITION,FIELD,OPERATOR,OPERANDS,FIELD_TYPE,COND_TYPE) values ('SELECT_CRM_ACONET','PKG_WP1_POSTVAL.GET_ACONET','COMPLEX','N/A','STRING','POSTVAL');
Insert into WP1_CONDITIONS (ID_CONDITION,FIELD,OPERATOR,OPERANDS,FIELD_TYPE,COND_TYPE) values ('SELECT_DETTAGLI_FATT_X_CONTR','PKG_WP1_POSTVAL.MODIFICA_FATTURA_X_TIPO_CONTR','COMPLEX','N/A','STRING','POSTVAL');
Insert into WP1_CONDITIONS (ID_CONDITION,FIELD,OPERATOR,OPERANDS,FIELD_TYPE,COND_TYPE) values ('SELECT_DETTAGLI_NC_X_CONTR','PKG_WP1_POSTVAL.MODIFICA_NC_X_TIPO_CONTR','COMPLEX','N/A','STRING','POSTVAL');
Insert into WP1_CONDITIONS (ID_CONDITION,FIELD,OPERATOR,OPERANDS,FIELD_TYPE,COND_TYPE) values ('CAMBIO_CICLO','PKG_WP1_PREVAL.CAMBIO_CICLO','COMPLEX','N/A','STRING','PREVAL');
Insert into WP1_CONDITIONS (ID_CONDITION,FIELD,OPERATOR,OPERANDS,FIELD_TYPE,COND_TYPE) values ('SELECT_DETTAGLI_FATTURA','PKG_WP1_POSTVAL.MODIFICA_FATTURA','COMPLEX','N/A','STRING','POSTVAL');
Insert into WP1_CONDITIONS (ID_CONDITION,FIELD,OPERATOR,OPERANDS,FIELD_TYPE,COND_TYPE) values ('SELECT_DETTAGLI_NOTE_CRED','PKG_WP1_POSTVAL.MODIFICA_NOTA_CRED','COMPLEX','N/A','STRING','POSTVAL');
Insert into WP1_CONDITIONS (ID_CONDITION,FIELD,OPERATOR,OPERANDS,FIELD_TYPE,COND_TYPE) values ('SELECT_CODE_GEST_SAP','UPPER(I5_2TEST_CSV_SAP_XDSL.CODE_GEST_SAP)','=','$CODICE_SAP$','STRING','SAP');
Insert into WP1_CONDITIONS (ID_CONDITION,FIELD,OPERATOR,OPERANDS,FIELD_TYPE,COND_TYPE) values ('BACKUP_SAP','PKG_WP1_SAP.BACKUP_SAP','COMPLEX','N/A','STRING','SAP');
Insert into WP1_CONDITIONS (ID_CONDITION,FIELD,OPERATOR,OPERANDS,FIELD_TYPE,COND_TYPE) values ('SAP_CODE_TIPO_ORD','I5_2TEST_CSV_SAP_XDSL.CODE_TIPO_ORD','=','$CODE_TIPO_ORD$','STRING','SAP');
Insert into WP1_CONDITIONS (ID_CONDITION,FIELD,OPERATOR,OPERANDS,FIELD_TYPE,COND_TYPE) values ('SAP_JOIN_TEST_DETT','I5_2TEST_CSV_SAP_XDSL.CODE_TEST_SAP','=','I5_2DETT_CSV_SAP_XDSL.CODE_TEST_SAP','TABLE','SAP');
Insert into WP1_CONDITIONS (ID_CONDITION,FIELD,OPERATOR,OPERANDS,FIELD_TYPE,COND_TYPE) values ('SAP_ALIQUOTA','I5_2DETT_CSV_SAP_XDSL.ALIQUOTA','RAWSTATEMENT','IN ($LIST_ALIQUOTA$)','STRING','SAP');
Insert into WP1_CONDITIONS (ID_CONDITION,FIELD,OPERATOR,OPERANDS,FIELD_TYPE,COND_TYPE) values ('SAP_CODE_PROG_ORD','I5_2TEST_CSV_SAP_XDSL.CODE_PROG_ORD','RAWSTATEMENT','IN ($LIST_CODE_PROG_ORD$)','STRING','SAP');
Insert into WP1_CONDITIONS (ID_CONDITION,FIELD,OPERATOR,OPERANDS,FIELD_TYPE,COND_TYPE) values ('SAL_LIST_CODE_GEST_SAP','UPPER(I5_2TEST_CSV_SAP_XDSL.CODE_GEST_SAP)','RAWSTATEMENT','IN ($LIST_CODE_GEST_SAP$)','STRING','SAP');
Insert into WP1_CONDITIONS (ID_CONDITION,FIELD,OPERATOR,OPERANDS,FIELD_TYPE,COND_TYPE) values ('SAP_SELECT_TESTATE_VUOTE','PKG_WP1_SAP.SELECT_TESTATE_VUOTE_SAP','COMPLEX','N/A','STRING','SAP');
Insert into WP1_CONDITIONS (ID_CONDITION,FIELD,OPERATOR,OPERANDS,FIELD_TYPE,COND_TYPE) values ('SAP_ACCORPA_GESTORI','PKG_WP1_SAP.EXEC_ACCORPA_GESTORI','COMPLEX','N/A','STRING','SAP');
Insert into WP1_CONDITIONS (ID_CONDITION,FIELD,OPERATOR,OPERANDS,FIELD_TYPE,COND_TYPE) values ('SAP_SELECT_GESTORI','I5_3GEST_SAP_SP.CODE_GEST','=','$CODE_GEST$','STRING','SAP');
REM INSERTING into WP1_CONFIG
SET DEFINE OFF;
Insert into WP1_CONFIG (COMPONENT_NAME,PARAM_NAME,PARAM_VALUE,ACTIVE,DESCR,IS_MACRO) values ('PREVAL_ENGINE','LOG_FILE_NAME','./JPUB.LOG','1','NOME FILE DI LOG PER PREVAL','0');
Insert into WP1_CONFIG (COMPONENT_NAME,PARAM_NAME,PARAM_VALUE,ACTIVE,DESCR,IS_MACRO) values ('PREVAL_ENGINE','LOG_TAG_NAME','JPUB_PRE','1','NOME TAG FIL LOG PER PREVAL','0');
Insert into WP1_CONFIG (COMPONENT_NAME,PARAM_NAME,PARAM_VALUE,ACTIVE,DESCR,IS_MACRO) values ('PREVAL_ENGINE','I5_5ITRF_FAT','CODE_ITRF_FAT.VARCHAR;FLAG_PROV.VARCHAR','1','Campi Chiave','0');
Insert into WP1_CONFIG (COMPONENT_NAME,PARAM_NAME,PARAM_VALUE,ACTIVE,DESCR,IS_MACRO) values ('PREVAL_ENGINE','I5_5ITRF_FAT_XDSL','CODE_ITRF_FAT_XDSL.VARCHAR','1','Campi Chiave','0');
Insert into WP1_CONFIG (COMPONENT_NAME,PARAM_NAME,PARAM_VALUE,ACTIVE,DESCR,IS_MACRO) values ('PREVAL_ENGINE','I5_4ITRF_FAT_NP_CPS','CODE_ITRF_FAT.VARCHAR','1','Campi Chiave','0');
Insert into WP1_CONFIG (COMPONENT_NAME,PARAM_NAME,PARAM_VALUE,ACTIVE,DESCR,IS_MACRO) values ('PREVAL_ENGINE','I5_5SCARTI_VALORIZZAZIONE','SEQ_SCARTO.NUMBER','1','Campi Chiave','0');
Insert into WP1_CONFIG (COMPONENT_NAME,PARAM_NAME,PARAM_VALUE,ACTIVE,DESCR,IS_MACRO) values ('POSTVAL_ENGINE','LOG_FILE_LEVEL','4','1','Livello di Log: 1=Error, 2=Warning, 3=INFO','0');
Insert into WP1_CONFIG (COMPONENT_NAME,PARAM_NAME,PARAM_VALUE,ACTIVE,DESCR,IS_MACRO) values ('PREVAL_ENGINE','LOG_FILE_LEVEL','4','1','Livello di Log: 1=Error, 2=Warning, 3=INFO','0');
Insert into WP1_CONFIG (COMPONENT_NAME,PARAM_NAME,PARAM_VALUE,ACTIVE,DESCR,IS_MACRO) values ('POSTVAL_ENGINE','$DATA_INIZIO_CICLO_-5Y$','pkg_wp1_utility.get_data_inizio_ciclo_5_anni','1','Calcola la data inizio ciclo e sottrae 5 anni','1');
Insert into WP1_CONFIG (COMPONENT_NAME,PARAM_NAME,PARAM_VALUE,ACTIVE,DESCR,IS_MACRO) values ('POSTVAL_ENGINE','I5_2DETT_DOCUM_FATT_XDSL','CODE_RIGA_FATTURA.VARCHAR;CODE_DOC_FATTURA.VARCHAR','1','Campi Chiave','0');
Insert into WP1_CONFIG (COMPONENT_NAME,PARAM_NAME,PARAM_VALUE,ACTIVE,DESCR,IS_MACRO) values ('POSTVAL_ENGINE','I5_2DETT_DOCUM_NOTA_CRED_XDSL','CODE_RIGA_NOTA_CRED.VARCHAR;CODE_NOTA_CRED.VARCHAR','1','Campi Chiave','0');
Insert into WP1_CONFIG (COMPONENT_NAME,PARAM_NAME,PARAM_VALUE,ACTIVE,DESCR,IS_MACRO) values ('POSTVAL_ENGINE','I5_1INVENT_PS_XDSL','CODE_INVENT.VARCHAR','1',null,'0');
Insert into WP1_CONFIG (COMPONENT_NAME,PARAM_NAME,PARAM_VALUE,ACTIVE,DESCR,IS_MACRO) values ('TREND_ENGINE','LOG_FILE_NAME','./JPUB.LOG','1',null,'0');
Insert into WP1_CONFIG (COMPONENT_NAME,PARAM_NAME,PARAM_VALUE,ACTIVE,DESCR,IS_MACRO) values ('TREND_ENGINE','LOG_TAG_NAME','JPUB_TREND','1',null,'0');
Insert into WP1_CONFIG (COMPONENT_NAME,PARAM_NAME,PARAM_VALUE,ACTIVE,DESCR,IS_MACRO) values ('PREVAL_ENGINE','$RIS_NON_ACQ$','0','1',null,'0');
Insert into WP1_CONFIG (COMPONENT_NAME,PARAM_NAME,PARAM_VALUE,ACTIVE,DESCR,IS_MACRO) values ('PREVAL_ENGINE','$RIS_ACQ$','1','1',null,'0');
Insert into WP1_CONFIG (COMPONENT_NAME,PARAM_NAME,PARAM_VALUE,ACTIVE,DESCR,IS_MACRO) values ('PREVAL_ENGINE','$RIS_BLOCK$','p','1',null,'0');
Insert into WP1_CONFIG (COMPONENT_NAME,PARAM_NAME,PARAM_VALUE,ACTIVE,DESCR,IS_MACRO) values ('ALL','$DATA_INIZIO_PERIODO$','pkg_wp1_utility.get_data_inizio_periodo','1','Calcolo la data di inzio periodo','1');
Insert into WP1_CONFIG (COMPONENT_NAME,PARAM_NAME,PARAM_VALUE,ACTIVE,DESCR,IS_MACRO) values ('PREVAL_ENGINE','$RIS_Z$','Z','1',null,'0');
Insert into WP1_CONFIG (COMPONENT_NAME,PARAM_NAME,PARAM_VALUE,ACTIVE,DESCR,IS_MACRO) values ('POSTVAL_ENGINE','LOG_FILE_NAME','./JPUB.LOG','1','NOME FILE DI LOG PER POSTVAL','0');
Insert into WP1_CONFIG (COMPONENT_NAME,PARAM_NAME,PARAM_VALUE,ACTIVE,DESCR,IS_MACRO) values ('POSTVAL_ENGINE','LOG_TAG_NAME','JPUB_POST','1','NOME TAG FIL LOG PER POSTVAL','0');
Insert into WP1_CONFIG (COMPONENT_NAME,PARAM_NAME,PARAM_VALUE,ACTIVE,DESCR,IS_MACRO) values ('TREND_ENGINE','LOG_FILE_LEVEL','4','1',null,'0');
Insert into WP1_CONFIG (COMPONENT_NAME,PARAM_NAME,PARAM_VALUE,ACTIVE,DESCR,IS_MACRO) values ('TREND_ENGINE','I5_1ACCOUNT','CODE_ACCOUNT.VARCHAR','1',null,'0');
Insert into WP1_CONFIG (COMPONENT_NAME,PARAM_NAME,PARAM_VALUE,ACTIVE,DESCR,IS_MACRO) values ('PREVAL_ENGINE','$DATA_INIZIO_CICLO$','pkg_wp1_utility.get_data_inizio_ciclo','1','Calcolo data inizio ciclo','1');
Insert into WP1_CONFIG (COMPONENT_NAME,PARAM_NAME,PARAM_VALUE,ACTIVE,DESCR,IS_MACRO) values ('PREVAL_ENGINE','I5_2PARAM_VALORIZ_SP','CODE_PARAM.VARCHAR','1',null,'0');
Insert into WP1_CONFIG (COMPONENT_NAME,PARAM_NAME,PARAM_VALUE,ACTIVE,DESCR,IS_MACRO) values ('SAP_ENGINE','LOG_FILE_NAME','./JPUB.LOG','1','NOME FILE DI LOG PER PREWRITE SAP','0');
Insert into WP1_CONFIG (COMPONENT_NAME,PARAM_NAME,PARAM_VALUE,ACTIVE,DESCR,IS_MACRO) values ('SAP_ENGINE','LOG_TAG_NAME','JPUB_SAP','1','NOME TAG FIL LOG PER PREWRITE','0');
Insert into WP1_CONFIG (COMPONENT_NAME,PARAM_NAME,PARAM_VALUE,ACTIVE,DESCR,IS_MACRO) values ('SAP_ENGINE','LOG_FILE_LEVEL','4','1',null,'0');
Insert into WP1_CONFIG (COMPONENT_NAME,PARAM_NAME,PARAM_VALUE,ACTIVE,DESCR,IS_MACRO) values ('SAP_ENGINE','I5_2TEST_CSV_SAP_XDSL','CODE_TEST_SAP.VARCHAR','1',null,'0');
Insert into WP1_CONFIG (COMPONENT_NAME,PARAM_NAME,PARAM_VALUE,ACTIVE,DESCR,IS_MACRO) values ('SAP_ENGINE','I5_2DETT_CSV_SAP_XDSL','CODE_DETT_SAP.VARCHAR','1','chiave','0');
Insert into WP1_CONFIG (COMPONENT_NAME,PARAM_NAME,PARAM_VALUE,ACTIVE,DESCR,IS_MACRO) values ('SAP_ENGINE','I5_3GEST_SAP_SP','CODE_GEST.VARCHAR','1','chiave','0');
Insert into WP1_CONFIG (COMPONENT_NAME,PARAM_NAME,PARAM_VALUE,ACTIVE,DESCR,IS_MACRO) values ('PREVAL_ENGINE','COMMIT','1','1','0= MODALITA SIMULAZIONE 1=COMMIT','0');
Insert into WP1_CONFIG (COMPONENT_NAME,PARAM_NAME,PARAM_VALUE,ACTIVE,DESCR,IS_MACRO) values ('POSTVAL_ENGINE','COMMIT','1','1','0= MODALITA SIMULAZIONE 1=COMMIT','0');
Insert into WP1_CONFIG (COMPONENT_NAME,PARAM_NAME,PARAM_VALUE,ACTIVE,DESCR,IS_MACRO) values ('SAP_ENGINE','COMMIT','1','1','0= MODALITA SIMULAZIONE 1=COMMIT','0');
Insert into WP1_CONFIG (COMPONENT_NAME,PARAM_NAME,PARAM_VALUE,ACTIVE,DESCR,IS_MACRO) values ('TREND_ENGINE','COMMIT','1','1','0= MODALITA SIMULAZIONE 1=COMMIT','0');
REM INSERTING into WP1_CVS_SAP_DETT_BACKUP
SET DEFINE OFF;
REM INSERTING into WP1_CVS_SAP_TEST_BACKUP
SET DEFINE OFF;
REM INSERTING into WP1_I5_2SP_TCKT_DETT_FAT_XDSL
SET DEFINE OFF;
Insert into WP1_I5_2SP_TCKT_DETT_FAT_XDSL (CODE_RIGA_FATTURA,CODE_DOC_FATTURA,CODE_OGG_FATRZ,DATA_INIZIO_VALID_OF,CODE_INVENT,CODE_TARIFFA,CODE_PR_TARIFFA,CODE_MOV_NON_RIC,CODE_SCONTO,DESC_RIGA_FATTURA,IMPT_RIGA_FATTURA,QNTA_GG_OGG_FATRZ,DATA_DA,DATA_A,CODE_TIPO_CAUS_VARIAZ,DATA_TRANSAZ,TIPO_FLAG_IMPT_RATEO,TIPO_FLAG_PRIMA_ATVZ,TIPO_FLAG_TARIFFA,CODE_ACCOUNT,CODE_PROMOZIONE,ALIQUOTA,ID_TICKET,ID_ELABORAZIONE) values ('1075982343','146258','134',to_date('01-01-2014 00:00:00','DD-MM-YYYY HH24:MI:SS'),'22796645','9156','10',null,null,'TEST','12312','29',to_date('25-11-2014 11:26:51','DD-MM-YYYY HH24:MI:SS'),to_date('29-02-2012 00:00:00','DD-MM-YYYY HH24:MI:SS'),'U2',to_date('03-01-2012 00:00:00','DD-MM-YYYY HH24:MI:SS'),'C','N','0','3021','0',null,'WSN272625','1417527051');
REM INSERTING into WP1_I5_2SP_TCKT_NOTA_CRED_XDSL
SET DEFINE OFF;
REM INSERTING into WP1_I5_4TCKT_ITRF_FAT_NP_CPS
SET DEFINE OFF;
REM INSERTING into WP1_I5_5TCKT_ITRF_FAT
SET DEFINE OFF;
REM INSERTING into WP1_I5_5TCKT_ITRF_FAT_XDSL
SET DEFINE OFF;
REM INSERTING into WP1_I5_5TCKT_SCARTI_VALORIZ
SET DEFINE OFF;
REM INSERTING into WP1_INSTANCE_EXEC
SET DEFINE OFF;
Insert into WP1_INSTANCE_EXEC (ID_TICKET,ID_JOB,COUNTER) values ('ATTIVITA_POST_RESOCONTO','SAP_UPD_GESTORI_SAP','1');
Insert into WP1_INSTANCE_EXEC (ID_TICKET,ID_JOB,COUNTER) values ('ATTIVITA_POST_RESOCONTO','SAP_UPD_GESTORI_SAP','2');
Insert into WP1_INSTANCE_EXEC (ID_TICKET,ID_JOB,COUNTER) values ('ATTIVITA_PRO_POSTWRITE','SAP_ACCORPA_GESTORI','6');
Insert into WP1_INSTANCE_EXEC (ID_TICKET,ID_JOB,COUNTER) values ('ATTIVITA_PRO_POSTWRITE','SAP_BACKUP','1');
Insert into WP1_INSTANCE_EXEC (ID_TICKET,ID_JOB,COUNTER) values ('ATTIVITA_PRO_POSTWRITE','SAP_DEL_NOTE_DI_CREDITO','4');
Insert into WP1_INSTANCE_EXEC (ID_TICKET,ID_JOB,COUNTER) values ('ATTIVITA_PRO_POSTWRITE','SAP_DEL_NOTE_DI_CREDITO','7');
Insert into WP1_INSTANCE_EXEC (ID_TICKET,ID_JOB,COUNTER) values ('ATTIVITA_PRO_POSTWRITE','SAP_DEL_TESTATE','8');
Insert into WP1_INSTANCE_EXEC (ID_TICKET,ID_JOB,COUNTER) values ('ATTIVITA_PRO_POSTWRITE','SAP_DEL_TESTATE_VUOTE','5');
Insert into WP1_INSTANCE_EXEC (ID_TICKET,ID_JOB,COUNTER) values ('ATTIVITA_PRO_POSTWRITE','SAP_MARK_SETTORE_MERC','2');
Insert into WP1_INSTANCE_EXEC (ID_TICKET,ID_JOB,COUNTER) values ('ATTIVITA_PRO_POSTWRITE','SAP_MARK_SETTORE_MERC','3');
Insert into WP1_INSTANCE_EXEC (ID_TICKET,ID_JOB,COUNTER) values ('ATTIVITA_PRO_RESOCONTO','SAP_UPD_GESTORI_SAP','1');
Insert into WP1_INSTANCE_EXEC (ID_TICKET,ID_JOB,COUNTER) values ('ATTIVITA_PRO_RESOCONTO','SAP_UPD_GESTORI_SAP','2');
Insert into WP1_INSTANCE_EXEC (ID_TICKET,ID_JOB,COUNTER) values ('EliminaDettOltre5Anni_FT','SCONTISTICA_FATTURA_X_CONTR','1');
Insert into WP1_INSTANCE_EXEC (ID_TICKET,ID_JOB,COUNTER) values ('EliminaDettOltre5Anni_FT_WLR','SCONTISTICA_FATTURA_X_CONTR','1');
Insert into WP1_INSTANCE_EXEC (ID_TICKET,ID_JOB,COUNTER) values ('EliminaDettOltre5Anni_NC','SCONTISTICA_NC_X_CONTR','1');
Insert into WP1_INSTANCE_EXEC (ID_TICKET,ID_JOB,COUNTER) values ('EliminaDettOltre5Anni_NC_WLR','SCONTISTICA_NC_X_CONTR','1');
Insert into WP1_INSTANCE_EXEC (ID_TICKET,ID_JOB,COUNTER) values ('TREND_ENGINE','ANALISI_TREND','1');
Insert into WP1_INSTANCE_EXEC (ID_TICKET,ID_JOB,COUNTER) values ('WS00001','CAMBIO_CICLO','0');
Insert into WP1_INSTANCE_EXEC (ID_TICKET,ID_JOB,COUNTER) values ('WS00001','JOB_ALLIN_DATA_ACQ_XDSL','12');
Insert into WP1_INSTANCE_EXEC (ID_TICKET,ID_JOB,COUNTER) values ('WS00001','JOB_COND_ACCANT_OL_BSTREAM_ATM','11');
Insert into WP1_INSTANCE_EXEC (ID_TICKET,ID_JOB,COUNTER) values ('WS00001','JOB_DATA_ACQ_CHIUS_OL_WARN3','10');
Insert into WP1_INSTANCE_EXEC (ID_TICKET,ID_JOB,COUNTER) values ('WS00001','JOB_DATA_DRO_GT_DATA_TEST2','9');
Insert into WP1_INSTANCE_EXEC (ID_TICKET,ID_JOB,COUNTER) values ('WS00001','JOB_DATA_TEST_GT_DATA_ACQ2','8');
Insert into WP1_INSTANCE_EXEC (ID_TICKET,ID_JOB,COUNTER) values ('WS00001','JOB_EASYIP_SP_OP_NON_MIGR','7');
Insert into WP1_INSTANCE_EXEC (ID_TICKET,ID_JOB,COUNTER) values ('WS00001','JOB_EASYIP_SP_OP_NO_LIST','6');
Insert into WP1_INSTANCE_EXEC (ID_TICKET,ID_JOB,COUNTER) values ('WS00001','JOB_OL_DOPPI_NP_XDSL','5');
Insert into WP1_INSTANCE_EXEC (ID_TICKET,ID_JOB,COUNTER) values ('WS00001','JOB_OL_TO_VAL_OPERATORI_CES3','4');
Insert into WP1_INSTANCE_EXEC (ID_TICKET,ID_JOB,COUNTER) values ('WS00001','JOB_OL_TO_VAL_OPERATORI_CES4','3');
Insert into WP1_INSTANCE_EXEC (ID_TICKET,ID_JOB,COUNTER) values ('WS00001','JOB_REPLACE_SINGLE_QUOTE','2');
Insert into WP1_INSTANCE_EXEC (ID_TICKET,ID_JOB,COUNTER) values ('WS00001','JOB_TIPO_FLAG_ACQ_OL_READY3','1');
Insert into WP1_INSTANCE_EXEC (ID_TICKET,ID_JOB,COUNTER) values ('WS00002','CAMBIO_CICLO','0');
Insert into WP1_INSTANCE_EXEC (ID_TICKET,ID_JOB,COUNTER) values ('WS00002','JOB_ALLIN_DATA_ACQ_REG','14');
Insert into WP1_INSTANCE_EXEC (ID_TICKET,ID_JOB,COUNTER) values ('WS00002','JOB_CODPROGCESS_WIN1106WLR','13');
Insert into WP1_INSTANCE_EXEC (ID_TICKET,ID_JOB,COUNTER) values ('WS00002','JOB_COD_CAUS_ULL','12');
Insert into WP1_INSTANCE_EXEC (ID_TICKET,ID_JOB,COUNTER) values ('WS00002','JOB_COD_CAUS_ULL_CESS_ULL','11');
Insert into WP1_INSTANCE_EXEC (ID_TICKET,ID_JOB,COUNTER) values ('WS00002','JOB_COD_STATO_ULL_CESS_REG','10');
Insert into WP1_INSTANCE_EXEC (ID_TICKET,ID_JOB,COUNTER) values ('WS00002','JOB_DATA_ACQ_CHIUS_OL_WARN2','9');
Insert into WP1_INSTANCE_EXEC (ID_TICKET,ID_JOB,COUNTER) values ('WS00002','JOB_DATA_DRO_GT_DATA_TEST1','8');
Insert into WP1_INSTANCE_EXEC (ID_TICKET,ID_JOB,COUNTER) values ('WS00002','JOB_DATA_TEST_GT_DATA_ACQ1','7');
Insert into WP1_INSTANCE_EXEC (ID_TICKET,ID_JOB,COUNTER) values ('WS00002','JOB_OL_DOPPI_SERV_REGOL_NWLR','5');
Insert into WP1_INSTANCE_EXEC (ID_TICKET,ID_JOB,COUNTER) values ('WS00002','JOB_OL_DOPPI_SERV_REGOL_OWLR','4');
Insert into WP1_INSTANCE_EXEC (ID_TICKET,ID_JOB,COUNTER) values ('WS00002','JOB_OL_TO_VAL_OPERATORI_CES1','3');
Insert into WP1_INSTANCE_EXEC (ID_TICKET,ID_JOB,COUNTER) values ('WS00002','JOB_OL_TO_VAL_OPERATORI_CES2','2');
Insert into WP1_INSTANCE_EXEC (ID_TICKET,ID_JOB,COUNTER) values ('WS00002','JOB_TIPO_FLAG_ACQ_OL_READY2','1');
Insert into WP1_INSTANCE_EXEC (ID_TICKET,ID_JOB,COUNTER) values ('WS00003','CAMBIO_CICLO','0');
Insert into WP1_INSTANCE_EXEC (ID_TICKET,ID_JOB,COUNTER) values ('WS00003','JOB_DATA_ACQ_CHIUS_OL_WARN1','8');
Insert into WP1_INSTANCE_EXEC (ID_TICKET,ID_JOB,COUNTER) values ('WS00003','JOB_DATA_DRO_GT_DATA_TEST3','7');
Insert into WP1_INSTANCE_EXEC (ID_TICKET,ID_JOB,COUNTER) values ('WS00003','JOB_DATA_TEST_GT_DATA_ACQ3','6');
Insert into WP1_INSTANCE_EXEC (ID_TICKET,ID_JOB,COUNTER) values ('WS00003','JOB_OL_CESS_SERV_NP','5');
Insert into WP1_INSTANCE_EXEC (ID_TICKET,ID_JOB,COUNTER) values ('WS00003','JOB_OL_CESS_SERV_NP_WLR','9');
Insert into WP1_INSTANCE_EXEC (ID_TICKET,ID_JOB,COUNTER) values ('WS00003','JOB_OL_DOPPI_NP_CPS','4');
Insert into WP1_INSTANCE_EXEC (ID_TICKET,ID_JOB,COUNTER) values ('WS00003','JOB_OL_TO_VAL_OPERATORI_CES5','3');
Insert into WP1_INSTANCE_EXEC (ID_TICKET,ID_JOB,COUNTER) values ('WS00003','JOB_OL_TO_VAL_OPERATORI_CES6','2');
Insert into WP1_INSTANCE_EXEC (ID_TICKET,ID_JOB,COUNTER) values ('WS00003','JOB_TIPO_FLAG_ACQ_OL_READY1','1');
Insert into WP1_INSTANCE_EXEC (ID_TICKET,ID_JOB,COUNTER) values ('WSN206727','SCONTISTICA_FATTURA','1');
Insert into WP1_INSTANCE_EXEC (ID_TICKET,ID_JOB,COUNTER) values ('WSN206728','SCONTISTICA_FATTURA','1');
Insert into WP1_INSTANCE_EXEC (ID_TICKET,ID_JOB,COUNTER) values ('WSN224300','SCONTISTICA_FATTURA','1');
Insert into WP1_INSTANCE_EXEC (ID_TICKET,ID_JOB,COUNTER) values ('WSN232364','SCONTISTICA_FATTURA','1');
Insert into WP1_INSTANCE_EXEC (ID_TICKET,ID_JOB,COUNTER) values ('WSN239891','SCONTISTICA_FATTURA','1');
Insert into WP1_INSTANCE_EXEC (ID_TICKET,ID_JOB,COUNTER) values ('WSN239892','SCONTISTICA_FATTURA','1');
Insert into WP1_INSTANCE_EXEC (ID_TICKET,ID_JOB,COUNTER) values ('WSN242724','SCONTISTICA_FATTURA','1');
Insert into WP1_INSTANCE_EXEC (ID_TICKET,ID_JOB,COUNTER) values ('WSN244172','SCONTISTICA_FATTURA','1');
Insert into WP1_INSTANCE_EXEC (ID_TICKET,ID_JOB,COUNTER) values ('WSN244172_2','SCONTISTICA_FATTURA','1');
Insert into WP1_INSTANCE_EXEC (ID_TICKET,ID_JOB,COUNTER) values ('WSN244172_3','SCONTISTICA_FATTURA','1');
Insert into WP1_INSTANCE_EXEC (ID_TICKET,ID_JOB,COUNTER) values ('WSN244172_4','SCONTISTICA_FATTURA','1');
Insert into WP1_INSTANCE_EXEC (ID_TICKET,ID_JOB,COUNTER) values ('WSN244172_5','SCONTISTICA_FATTURA','1');
Insert into WP1_INSTANCE_EXEC (ID_TICKET,ID_JOB,COUNTER) values ('WSN244172_6','SCONTISTICA_FATTURA','1');
Insert into WP1_INSTANCE_EXEC (ID_TICKET,ID_JOB,COUNTER) values ('WSN244172_7','SCONTISTICA_FATTURA','1');
Insert into WP1_INSTANCE_EXEC (ID_TICKET,ID_JOB,COUNTER) values ('WSN245618','SCONTISTICA_FATTURA','1');
Insert into WP1_INSTANCE_EXEC (ID_TICKET,ID_JOB,COUNTER) values ('WSN249023','SCONTISTICA_NC','1');
Insert into WP1_INSTANCE_EXEC (ID_TICKET,ID_JOB,COUNTER) values ('WSN249024','SCONTISTICA_FATTURA','1');
Insert into WP1_INSTANCE_EXEC (ID_TICKET,ID_JOB,COUNTER) values ('WSN249027','SCONTISTICA_NC','1');
Insert into WP1_INSTANCE_EXEC (ID_TICKET,ID_JOB,COUNTER) values ('WSN259304','SCONTISTICA_FATTURA','1');
Insert into WP1_INSTANCE_EXEC (ID_TICKET,ID_JOB,COUNTER) values ('WSN266155','SCONTISTICA_FATTURA_X_CONTR','1');
Insert into WP1_INSTANCE_EXEC (ID_TICKET,ID_JOB,COUNTER) values ('WSN272625','SCONTISTICA_FATTURA','1');
Insert into WP1_INSTANCE_EXEC (ID_TICKET,ID_JOB,COUNTER) values ('cwn1200ads','SCONTISTICA_FATTURA','1');
Insert into WP1_INSTANCE_EXEC (ID_TICKET,ID_JOB,COUNTER) values ('eliminaNoteCredWind','SCONTISTICA_NC','1');
Insert into WP1_INSTANCE_EXEC (ID_TICKET,ID_JOB,COUNTER) values ('eliminaNoteCredWind_2','SCONTISTICA_NC','1');
Insert into WP1_INSTANCE_EXEC (ID_TICKET,ID_JOB,COUNTER) values ('mcrAconet','ALLINEA_ACONET','1');
Insert into WP1_INSTANCE_EXEC (ID_TICKET,ID_JOB,COUNTER) values ('pan1302mig','SCONTISTICA_FATTURA','1');
Insert into WP1_INSTANCE_EXEC (ID_TICKET,ID_JOB,COUNTER) values ('sei1401vla','SCONTISTICA_FATTURA','1');
REM INSERTING into WP1_INSTANCE_PARAMETERS
SET DEFINE OFF;
Insert into WP1_INSTANCE_PARAMETERS (NAME_PARAM,ID_TICKET,ID_JOB,VAL_PARAM,IS_MACRO,COUNTER) values ('$CHECK_DATA_DRO$','WSN239892','SCONTISTICA_FATTURA','0','0','1');
Insert into WP1_INSTANCE_PARAMETERS (NAME_PARAM,ID_TICKET,ID_JOB,VAL_PARAM,IS_MACRO,COUNTER) values ('$CODE_ACCOUNT$','WSN239892','SCONTISTICA_FATTURA','3459','0','1');
Insert into WP1_INSTANCE_PARAMETERS (NAME_PARAM,ID_TICKET,ID_JOB,VAL_PARAM,IS_MACRO,COUNTER) values ('$CODE_TIPO_CAUS_VARIAZ$','WSN239892','SCONTISTICA_FATTURA','H3','0','1');
Insert into WP1_INSTANCE_PARAMETERS (NAME_PARAM,ID_TICKET,ID_JOB,VAL_PARAM,IS_MACRO,COUNTER) values ('$CHECK_DATA_DRO$','cwn1200ads','SCONTISTICA_FATTURA','0','0','1');
Insert into WP1_INSTANCE_PARAMETERS (NAME_PARAM,ID_TICKET,ID_JOB,VAL_PARAM,IS_MACRO,COUNTER) values ('$CODE_ACCOUNT$','cwn1200ads','SCONTISTICA_FATTURA','3420','0','1');
Insert into WP1_INSTANCE_PARAMETERS (NAME_PARAM,ID_TICKET,ID_JOB,VAL_PARAM,IS_MACRO,COUNTER) values ('$CODE_TIPO_CAUS_VARIAZ$','cwn1200ads','SCONTISTICA_FATTURA','H3','0','1');
Insert into WP1_INSTANCE_PARAMETERS (NAME_PARAM,ID_TICKET,ID_JOB,VAL_PARAM,IS_MACRO,COUNTER) values ('$DATA_DA_MAX$','cwn1200ads','SCONTISTICA_FATTURA','31/01/2014','0','1');
Insert into WP1_INSTANCE_PARAMETERS (NAME_PARAM,ID_TICKET,ID_JOB,VAL_PARAM,IS_MACRO,COUNTER) values ('$DATA_DA_MIN$','cwn1200ads','SCONTISTICA_FATTURA','01/10/2013','0','1');
Insert into WP1_INSTANCE_PARAMETERS (NAME_PARAM,ID_TICKET,ID_JOB,VAL_PARAM,IS_MACRO,COUNTER) values ('$DATA_INIZIO_VALID$','cwn1200ads','SCONTISTICA_FATTURA',null,'0','1');
Insert into WP1_INSTANCE_PARAMETERS (NAME_PARAM,ID_TICKET,ID_JOB,VAL_PARAM,IS_MACRO,COUNTER) values ('$IMPORTO$','cwn1200ads','SCONTISTICA_FATTURA','0','0','1');
Insert into WP1_INSTANCE_PARAMETERS (NAME_PARAM,ID_TICKET,ID_JOB,VAL_PARAM,IS_MACRO,COUNTER) values ('$LIST_CODICE_PROGETTO[0]$','cwn1200ads','SCONTISTICA_FATTURA','CWN1200ADS','0','1');
Insert into WP1_INSTANCE_PARAMETERS (NAME_PARAM,ID_TICKET,ID_JOB,VAL_PARAM,IS_MACRO,COUNTER) values ('$LIST_OGG_DI_FATRZ[0]$','cwn1200ads','SCONTISTICA_FATTURA','120','0','1');
Insert into WP1_INSTANCE_PARAMETERS (NAME_PARAM,ID_TICKET,ID_JOB,VAL_PARAM,IS_MACRO,COUNTER) values ('$DATA_DA_MAX$','WSN239892','SCONTISTICA_FATTURA','31/01/2014','0','1');
Insert into WP1_INSTANCE_PARAMETERS (NAME_PARAM,ID_TICKET,ID_JOB,VAL_PARAM,IS_MACRO,COUNTER) values ('$DATA_DA_MIN$','WSN239892','SCONTISTICA_FATTURA','01/11/2013','0','1');
Insert into WP1_INSTANCE_PARAMETERS (NAME_PARAM,ID_TICKET,ID_JOB,VAL_PARAM,IS_MACRO,COUNTER) values ('$DATA_INIZIO_VALID$','WSN239892','SCONTISTICA_FATTURA',null,'0','1');
Insert into WP1_INSTANCE_PARAMETERS (NAME_PARAM,ID_TICKET,ID_JOB,VAL_PARAM,IS_MACRO,COUNTER) values ('$IMPORTO$','WSN239892','SCONTISTICA_FATTURA','0','0','1');
Insert into WP1_INSTANCE_PARAMETERS (NAME_PARAM,ID_TICKET,ID_JOB,VAL_PARAM,IS_MACRO,COUNTER) values ('$LIST_CODICE_PROGETTO[0]$','WSN239892','SCONTISTICA_FATTURA','ACH1301ATM','0','1');
Insert into WP1_INSTANCE_PARAMETERS (NAME_PARAM,ID_TICKET,ID_JOB,VAL_PARAM,IS_MACRO,COUNTER) values ('$LIST_OGG_DI_FATRZ[0]$','WSN239892','SCONTISTICA_FATTURA','123','0','1');
Insert into WP1_INSTANCE_PARAMETERS (NAME_PARAM,ID_TICKET,ID_JOB,VAL_PARAM,IS_MACRO,COUNTER) values ('$PARAM1$','WS00002','JOB_OL_TO_VAL_OPERATORI_CES1','10','0','1');
Insert into WP1_INSTANCE_PARAMETERS (NAME_PARAM,ID_TICKET,ID_JOB,VAL_PARAM,IS_MACRO,COUNTER) values ('$CODE_ACCOUNT$','eliminaNoteCredWind','SCONTISTICA_NC','3200','0','1');
Insert into WP1_INSTANCE_PARAMETERS (NAME_PARAM,ID_TICKET,ID_JOB,VAL_PARAM,IS_MACRO,COUNTER) values ('$DATA_INIZIO_VALID$','eliminaNoteCredWind','SCONTISTICA_NC',null,'0','1');
Insert into WP1_INSTANCE_PARAMETERS (NAME_PARAM,ID_TICKET,ID_JOB,VAL_PARAM,IS_MACRO,COUNTER) values ('$CHECK_DATA_DRO$','eliminaNoteCredWind','SCONTISTICA_NC','0','0','1');
Insert into WP1_INSTANCE_PARAMETERS (NAME_PARAM,ID_TICKET,ID_JOB,VAL_PARAM,IS_MACRO,COUNTER) values ('$DATA_DA_MAX$','eliminaNoteCredWind','SCONTISTICA_NC','31/12/2011','0','1');
Insert into WP1_INSTANCE_PARAMETERS (NAME_PARAM,ID_TICKET,ID_JOB,VAL_PARAM,IS_MACRO,COUNTER) values ('$DATA_DA_MIN$','eliminaNoteCredWind','SCONTISTICA_NC','01/01/1900','0','1');
Insert into WP1_INSTANCE_PARAMETERS (NAME_PARAM,ID_TICKET,ID_JOB,VAL_PARAM,IS_MACRO,COUNTER) values ('$TREND_ANA_THRESHOLD$','TREND_ENGINE','ANALISI_TREND','50','0','1');
Insert into WP1_INSTANCE_PARAMETERS (NAME_PARAM,ID_TICKET,ID_JOB,VAL_PARAM,IS_MACRO,COUNTER) values ('$TREND_ANA_THRESHOLD_3135$','TREND_ENGINE','ANALISI_TREND','89','0','1');
Insert into WP1_INSTANCE_PARAMETERS (NAME_PARAM,ID_TICKET,ID_JOB,VAL_PARAM,IS_MACRO,COUNTER) values ('$CHECK_DATA_DRO$','WSN206727','SCONTISTICA_FATTURA','0','0','1');
Insert into WP1_INSTANCE_PARAMETERS (NAME_PARAM,ID_TICKET,ID_JOB,VAL_PARAM,IS_MACRO,COUNTER) values ('$CODE_ACCOUNT$','WSN206727','SCONTISTICA_FATTURA','3864','0','1');
Insert into WP1_INSTANCE_PARAMETERS (NAME_PARAM,ID_TICKET,ID_JOB,VAL_PARAM,IS_MACRO,COUNTER) values ('$CODE_TIPO_CAUS_VARIAZ$','eliminaNoteCredWind','SCONTISTICA_NC','H3','0','1');
Insert into WP1_INSTANCE_PARAMETERS (NAME_PARAM,ID_TICKET,ID_JOB,VAL_PARAM,IS_MACRO,COUNTER) values ('$IMPORTO$','eliminaNoteCredWind','SCONTISTICA_NC','0','0','1');
Insert into WP1_INSTANCE_PARAMETERS (NAME_PARAM,ID_TICKET,ID_JOB,VAL_PARAM,IS_MACRO,COUNTER) values ('$CODE_TIPO_CAUS_VARIAZ$','WSN206727','SCONTISTICA_FATTURA','H3','0','1');
Insert into WP1_INSTANCE_PARAMETERS (NAME_PARAM,ID_TICKET,ID_JOB,VAL_PARAM,IS_MACRO,COUNTER) values ('$TREND_ANA_DEPTH$','TREND_ENGINE','ANALISI_TREND','5','0','1');
Insert into WP1_INSTANCE_PARAMETERS (NAME_PARAM,ID_TICKET,ID_JOB,VAL_PARAM,IS_MACRO,COUNTER) values ('$DATA_DA_MAX$','WSN206727','SCONTISTICA_FATTURA','31/12/2013','0','1');
Insert into WP1_INSTANCE_PARAMETERS (NAME_PARAM,ID_TICKET,ID_JOB,VAL_PARAM,IS_MACRO,COUNTER) values ('$DATA_DA_MIN$','WSN206727','SCONTISTICA_FATTURA','01/03/2013','0','1');
Insert into WP1_INSTANCE_PARAMETERS (NAME_PARAM,ID_TICKET,ID_JOB,VAL_PARAM,IS_MACRO,COUNTER) values ('$DATA_INIZIO_VALID$','WSN206727','SCONTISTICA_FATTURA',null,'0','1');
Insert into WP1_INSTANCE_PARAMETERS (NAME_PARAM,ID_TICKET,ID_JOB,VAL_PARAM,IS_MACRO,COUNTER) values ('$IMPORTO$','WSN206727','SCONTISTICA_FATTURA','10.20','0','1');
Insert into WP1_INSTANCE_PARAMETERS (NAME_PARAM,ID_TICKET,ID_JOB,VAL_PARAM,IS_MACRO,COUNTER) values ('$LIST_CODICE_PROGETTO[0]$','WSN206727','SCONTISTICA_FATTURA','WIN1306ETH','0','1');
Insert into WP1_INSTANCE_PARAMETERS (NAME_PARAM,ID_TICKET,ID_JOB,VAL_PARAM,IS_MACRO,COUNTER) values ('$LIST_OGG_DI_FATRZ[0]$','WSN206727','SCONTISTICA_FATTURA','134','0','1');
Insert into WP1_INSTANCE_PARAMETERS (NAME_PARAM,ID_TICKET,ID_JOB,VAL_PARAM,IS_MACRO,COUNTER) values ('$CHECK_DATA_DRO$','EliminaDettOltre5Anni_NC','SCONTISTICA_NC_X_CONTR','0','0','1');
Insert into WP1_INSTANCE_PARAMETERS (NAME_PARAM,ID_TICKET,ID_JOB,VAL_PARAM,IS_MACRO,COUNTER) values ('$CODE_TIPO_CAUS_VARIAZ$','EliminaDettOltre5Anni_NC','SCONTISTICA_NC_X_CONTR','H3','0','1');
Insert into WP1_INSTANCE_PARAMETERS (NAME_PARAM,ID_TICKET,ID_JOB,VAL_PARAM,IS_MACRO,COUNTER) values ('$DATA_DA_MAX$','EliminaDettOltre5Anni_NC','SCONTISTICA_NC_X_CONTR','$DATA_INIZIO_CICLO_-5Y$','0','1');
Insert into WP1_INSTANCE_PARAMETERS (NAME_PARAM,ID_TICKET,ID_JOB,VAL_PARAM,IS_MACRO,COUNTER) values ('$DATA_DA_MIN$','EliminaDettOltre5Anni_NC','SCONTISTICA_NC_X_CONTR','01/01/1900','0','1');
Insert into WP1_INSTANCE_PARAMETERS (NAME_PARAM,ID_TICKET,ID_JOB,VAL_PARAM,IS_MACRO,COUNTER) values ('$DATA_INIZIO_VALID$','EliminaDettOltre5Anni_NC','SCONTISTICA_NC_X_CONTR',null,'0','1');
Insert into WP1_INSTANCE_PARAMETERS (NAME_PARAM,ID_TICKET,ID_JOB,VAL_PARAM,IS_MACRO,COUNTER) values ('$IMPORTO$','EliminaDettOltre5Anni_NC','SCONTISTICA_NC_X_CONTR','0','0','1');
Insert into WP1_INSTANCE_PARAMETERS (NAME_PARAM,ID_TICKET,ID_JOB,VAL_PARAM,IS_MACRO,COUNTER) values ('$CHECK_DATA_DRO$','WSN206728','SCONTISTICA_FATTURA','0','0','1');
Insert into WP1_INSTANCE_PARAMETERS (NAME_PARAM,ID_TICKET,ID_JOB,VAL_PARAM,IS_MACRO,COUNTER) values ('$CODE_ACCOUNT$','WSN206728','SCONTISTICA_FATTURA','3862','0','1');
Insert into WP1_INSTANCE_PARAMETERS (NAME_PARAM,ID_TICKET,ID_JOB,VAL_PARAM,IS_MACRO,COUNTER) values ('$CODE_TIPO_CAUS_VARIAZ$','WSN206728','SCONTISTICA_FATTURA','H3','0','1');
Insert into WP1_INSTANCE_PARAMETERS (NAME_PARAM,ID_TICKET,ID_JOB,VAL_PARAM,IS_MACRO,COUNTER) values ('$DATA_DA_MAX$','WSN206728','SCONTISTICA_FATTURA','30/09/2013','0','1');
Insert into WP1_INSTANCE_PARAMETERS (NAME_PARAM,ID_TICKET,ID_JOB,VAL_PARAM,IS_MACRO,COUNTER) values ('$DATA_DA_MIN$','WSN206728','SCONTISTICA_FATTURA','01/03/2013','0','1');
Insert into WP1_INSTANCE_PARAMETERS (NAME_PARAM,ID_TICKET,ID_JOB,VAL_PARAM,IS_MACRO,COUNTER) values ('$DATA_INIZIO_VALID$','WSN206728','SCONTISTICA_FATTURA',null,'0','1');
Insert into WP1_INSTANCE_PARAMETERS (NAME_PARAM,ID_TICKET,ID_JOB,VAL_PARAM,IS_MACRO,COUNTER) values ('$IMPORTO$','WSN206728','SCONTISTICA_FATTURA','11.85','0','1');
Insert into WP1_INSTANCE_PARAMETERS (NAME_PARAM,ID_TICKET,ID_JOB,VAL_PARAM,IS_MACRO,COUNTER) values ('$LIST_CODICE_PROGETTO[0]$','WSN206728','SCONTISTICA_FATTURA','MTW1327VLA','0','1');
Insert into WP1_INSTANCE_PARAMETERS (NAME_PARAM,ID_TICKET,ID_JOB,VAL_PARAM,IS_MACRO,COUNTER) values ('$LIST_OGG_DI_FATRZ[0]$','WSN206728','SCONTISTICA_FATTURA','134','0','1');
Insert into WP1_INSTANCE_PARAMETERS (NAME_PARAM,ID_TICKET,ID_JOB,VAL_PARAM,IS_MACRO,COUNTER) values ('$CHECK_DATA_DRO$','WSN224300','SCONTISTICA_FATTURA','0','0','1');
Insert into WP1_INSTANCE_PARAMETERS (NAME_PARAM,ID_TICKET,ID_JOB,VAL_PARAM,IS_MACRO,COUNTER) values ('$CODE_ACCOUNT$','WSN224300','SCONTISTICA_FATTURA','3864','0','1');
Insert into WP1_INSTANCE_PARAMETERS (NAME_PARAM,ID_TICKET,ID_JOB,VAL_PARAM,IS_MACRO,COUNTER) values ('$CODE_TIPO_CAUS_VARIAZ$','WSN224300','SCONTISTICA_FATTURA','H3','0','1');
Insert into WP1_INSTANCE_PARAMETERS (NAME_PARAM,ID_TICKET,ID_JOB,VAL_PARAM,IS_MACRO,COUNTER) values ('$DATA_DA_MAX$','WSN224300','SCONTISTICA_FATTURA','30/11/2013','0','1');
Insert into WP1_INSTANCE_PARAMETERS (NAME_PARAM,ID_TICKET,ID_JOB,VAL_PARAM,IS_MACRO,COUNTER) values ('$DATA_DA_MIN$','WSN224300','SCONTISTICA_FATTURA','01/05/2013','0','1');
Insert into WP1_INSTANCE_PARAMETERS (NAME_PARAM,ID_TICKET,ID_JOB,VAL_PARAM,IS_MACRO,COUNTER) values ('$DATA_INIZIO_VALID$','WSN224300','SCONTISTICA_FATTURA',null,'0','1');
Insert into WP1_INSTANCE_PARAMETERS (NAME_PARAM,ID_TICKET,ID_JOB,VAL_PARAM,IS_MACRO,COUNTER) values ('$IMPORTO$','WSN224300','SCONTISTICA_FATTURA','11.85','0','1');
Insert into WP1_INSTANCE_PARAMETERS (NAME_PARAM,ID_TICKET,ID_JOB,VAL_PARAM,IS_MACRO,COUNTER) values ('$LIST_CODICE_PROGETTO[0]$','WSN224300','SCONTISTICA_FATTURA','WIN1305VLA','0','1');
Insert into WP1_INSTANCE_PARAMETERS (NAME_PARAM,ID_TICKET,ID_JOB,VAL_PARAM,IS_MACRO,COUNTER) values ('$LIST_OGG_DI_FATRZ[0]$','WSN224300','SCONTISTICA_FATTURA','134','0','1');
Insert into WP1_INSTANCE_PARAMETERS (NAME_PARAM,ID_TICKET,ID_JOB,VAL_PARAM,IS_MACRO,COUNTER) values ('$CHECK_DATA_DRO$','WSN232364','SCONTISTICA_FATTURA','0','0','1');
Insert into WP1_INSTANCE_PARAMETERS (NAME_PARAM,ID_TICKET,ID_JOB,VAL_PARAM,IS_MACRO,COUNTER) values ('$CODE_ACCOUNT$','WSN232364','SCONTISTICA_FATTURA','C5010','0','1');
Insert into WP1_INSTANCE_PARAMETERS (NAME_PARAM,ID_TICKET,ID_JOB,VAL_PARAM,IS_MACRO,COUNTER) values ('$CODE_TIPO_CAUS_VARIAZ$','WSN232364','SCONTISTICA_FATTURA','H3','0','1');
Insert into WP1_INSTANCE_PARAMETERS (NAME_PARAM,ID_TICKET,ID_JOB,VAL_PARAM,IS_MACRO,COUNTER) values ('$DATA_DA_MAX$','WSN232364','SCONTISTICA_FATTURA','28/02/2014','0','1');
Insert into WP1_INSTANCE_PARAMETERS (NAME_PARAM,ID_TICKET,ID_JOB,VAL_PARAM,IS_MACRO,COUNTER) values ('$DATA_DA_MIN$','WSN232364','SCONTISTICA_FATTURA','01/09/2013','0','1');
Insert into WP1_INSTANCE_PARAMETERS (NAME_PARAM,ID_TICKET,ID_JOB,VAL_PARAM,IS_MACRO,COUNTER) values ('$DATA_INIZIO_VALID$','WSN232364','SCONTISTICA_FATTURA',null,'0','1');
Insert into WP1_INSTANCE_PARAMETERS (NAME_PARAM,ID_TICKET,ID_JOB,VAL_PARAM,IS_MACRO,COUNTER) values ('$IMPORTO$','WSN232364','SCONTISTICA_FATTURA','11.85','0','1');
Insert into WP1_INSTANCE_PARAMETERS (NAME_PARAM,ID_TICKET,ID_JOB,VAL_PARAM,IS_MACRO,COUNTER) values ('$LIST_CODICE_PROGETTO[0]$','WSN232364','SCONTISTICA_FATTURA','INP1301VLA','0','1');
Insert into WP1_INSTANCE_PARAMETERS (NAME_PARAM,ID_TICKET,ID_JOB,VAL_PARAM,IS_MACRO,COUNTER) values ('$LIST_OGG_DI_FATRZ[0]$','WSN232364','SCONTISTICA_FATTURA','134','0','1');
Insert into WP1_INSTANCE_PARAMETERS (NAME_PARAM,ID_TICKET,ID_JOB,VAL_PARAM,IS_MACRO,COUNTER) values ('$CHECK_DATA_DRO$','WSN242724','SCONTISTICA_FATTURA','0','0','1');
Insert into WP1_INSTANCE_PARAMETERS (NAME_PARAM,ID_TICKET,ID_JOB,VAL_PARAM,IS_MACRO,COUNTER) values ('$CODE_ACCOUNT$','WSN242724','SCONTISTICA_FATTURA','3750','0','1');
Insert into WP1_INSTANCE_PARAMETERS (NAME_PARAM,ID_TICKET,ID_JOB,VAL_PARAM,IS_MACRO,COUNTER) values ('$CODE_TIPO_CAUS_VARIAZ$','WSN242724','SCONTISTICA_FATTURA','H3','0','1');
Insert into WP1_INSTANCE_PARAMETERS (NAME_PARAM,ID_TICKET,ID_JOB,VAL_PARAM,IS_MACRO,COUNTER) values ('$DATA_DA_MAX$','WSN242724','SCONTISTICA_FATTURA','31/01/2014','0','1');
Insert into WP1_INSTANCE_PARAMETERS (NAME_PARAM,ID_TICKET,ID_JOB,VAL_PARAM,IS_MACRO,COUNTER) values ('$DATA_DA_MIN$','WSN242724','SCONTISTICA_FATTURA','01/03/2013','0','1');
Insert into WP1_INSTANCE_PARAMETERS (NAME_PARAM,ID_TICKET,ID_JOB,VAL_PARAM,IS_MACRO,COUNTER) values ('$DATA_INIZIO_VALID$','WSN242724','SCONTISTICA_FATTURA',null,'0','1');
Insert into WP1_INSTANCE_PARAMETERS (NAME_PARAM,ID_TICKET,ID_JOB,VAL_PARAM,IS_MACRO,COUNTER) values ('$IMPORTO$','WSN242724','SCONTISTICA_FATTURA','11.85','0','1');
Insert into WP1_INSTANCE_PARAMETERS (NAME_PARAM,ID_TICKET,ID_JOB,VAL_PARAM,IS_MACRO,COUNTER) values ('$LIST_CODICE_PROGETTO[0]$','WSN242724','SCONTISTICA_FATTURA','PAN1301VLA','0','1');
Insert into WP1_INSTANCE_PARAMETERS (NAME_PARAM,ID_TICKET,ID_JOB,VAL_PARAM,IS_MACRO,COUNTER) values ('$LIST_OGG_DI_FATRZ[0]$','WSN242724','SCONTISTICA_FATTURA','134','0','1');
Insert into WP1_INSTANCE_PARAMETERS (NAME_PARAM,ID_TICKET,ID_JOB,VAL_PARAM,IS_MACRO,COUNTER) values ('$CHECK_DATA_DRO$','WSN245618','SCONTISTICA_FATTURA','0','0','1');
Insert into WP1_INSTANCE_PARAMETERS (NAME_PARAM,ID_TICKET,ID_JOB,VAL_PARAM,IS_MACRO,COUNTER) values ('$CODE_ACCOUNT$','WSN245618','SCONTISTICA_FATTURA','3895','0','1');
Insert into WP1_INSTANCE_PARAMETERS (NAME_PARAM,ID_TICKET,ID_JOB,VAL_PARAM,IS_MACRO,COUNTER) values ('$CODE_TIPO_CAUS_VARIAZ$','WSN245618','SCONTISTICA_FATTURA','H3','0','1');
Insert into WP1_INSTANCE_PARAMETERS (NAME_PARAM,ID_TICKET,ID_JOB,VAL_PARAM,IS_MACRO,COUNTER) values ('$DATA_DA_MAX$','WSN245618','SCONTISTICA_FATTURA','30/04/2014','0','1');
Insert into WP1_INSTANCE_PARAMETERS (NAME_PARAM,ID_TICKET,ID_JOB,VAL_PARAM,IS_MACRO,COUNTER) values ('$DATA_DA_MIN$','WSN245618','SCONTISTICA_FATTURA','01/01/2014','0','1');
Insert into WP1_INSTANCE_PARAMETERS (NAME_PARAM,ID_TICKET,ID_JOB,VAL_PARAM,IS_MACRO,COUNTER) values ('$DATA_INIZIO_VALID$','WSN245618','SCONTISTICA_FATTURA',null,'0','1');
Insert into WP1_INSTANCE_PARAMETERS (NAME_PARAM,ID_TICKET,ID_JOB,VAL_PARAM,IS_MACRO,COUNTER) values ('$IMPORTO$','WSN245618','SCONTISTICA_FATTURA','11.85','0','1');
Insert into WP1_INSTANCE_PARAMETERS (NAME_PARAM,ID_TICKET,ID_JOB,VAL_PARAM,IS_MACRO,COUNTER) values ('$LIST_CODICE_PROGETTO[0]$','WSN245618','SCONTISTICA_FATTURA','WLI1400VLA','0','1');
Insert into WP1_INSTANCE_PARAMETERS (NAME_PARAM,ID_TICKET,ID_JOB,VAL_PARAM,IS_MACRO,COUNTER) values ('$LIST_OGG_DI_FATRZ[0]$','WSN245618','SCONTISTICA_FATTURA','134','0','1');
Insert into WP1_INSTANCE_PARAMETERS (NAME_PARAM,ID_TICKET,ID_JOB,VAL_PARAM,IS_MACRO,COUNTER) values ('$CHECK_DATA_DRO$','pan1302mig','SCONTISTICA_FATTURA','0','0','1');
Insert into WP1_INSTANCE_PARAMETERS (NAME_PARAM,ID_TICKET,ID_JOB,VAL_PARAM,IS_MACRO,COUNTER) values ('$CODE_ACCOUNT$','pan1302mig','SCONTISTICA_FATTURA','3750','0','1');
Insert into WP1_INSTANCE_PARAMETERS (NAME_PARAM,ID_TICKET,ID_JOB,VAL_PARAM,IS_MACRO,COUNTER) values ('$CODE_TIPO_CAUS_VARIAZ$','pan1302mig','SCONTISTICA_FATTURA','H3','0','1');
Insert into WP1_INSTANCE_PARAMETERS (NAME_PARAM,ID_TICKET,ID_JOB,VAL_PARAM,IS_MACRO,COUNTER) values ('$DATA_DA_MAX$','pan1302mig','SCONTISTICA_FATTURA','28/02/2014','0','1');
Insert into WP1_INSTANCE_PARAMETERS (NAME_PARAM,ID_TICKET,ID_JOB,VAL_PARAM,IS_MACRO,COUNTER) values ('$DATA_DA_MIN$','pan1302mig','SCONTISTICA_FATTURA','01/12/2013','0','1');
Insert into WP1_INSTANCE_PARAMETERS (NAME_PARAM,ID_TICKET,ID_JOB,VAL_PARAM,IS_MACRO,COUNTER) values ('$DATA_INIZIO_VALID$','pan1302mig','SCONTISTICA_FATTURA',null,'0','1');
Insert into WP1_INSTANCE_PARAMETERS (NAME_PARAM,ID_TICKET,ID_JOB,VAL_PARAM,IS_MACRO,COUNTER) values ('$IMPORTO$','pan1302mig','SCONTISTICA_FATTURA','10.20','0','1');
Insert into WP1_INSTANCE_PARAMETERS (NAME_PARAM,ID_TICKET,ID_JOB,VAL_PARAM,IS_MACRO,COUNTER) values ('$LIST_CODICE_PROGETTO[0]$','pan1302mig','SCONTISTICA_FATTURA','PAN1302MIG','0','1');
Insert into WP1_INSTANCE_PARAMETERS (NAME_PARAM,ID_TICKET,ID_JOB,VAL_PARAM,IS_MACRO,COUNTER) values ('$LIST_OGG_DI_FATRZ[0]$','pan1302mig','SCONTISTICA_FATTURA','134','0','1');
Insert into WP1_INSTANCE_PARAMETERS (NAME_PARAM,ID_TICKET,ID_JOB,VAL_PARAM,IS_MACRO,COUNTER) values ('$CHECK_DATA_DRO$','sei1401vla','SCONTISTICA_FATTURA','0','0','1');
Insert into WP1_INSTANCE_PARAMETERS (NAME_PARAM,ID_TICKET,ID_JOB,VAL_PARAM,IS_MACRO,COUNTER) values ('$CODE_ACCOUNT$','sei1401vla','SCONTISTICA_FATTURA','3781','0','1');
Insert into WP1_INSTANCE_PARAMETERS (NAME_PARAM,ID_TICKET,ID_JOB,VAL_PARAM,IS_MACRO,COUNTER) values ('$CODE_TIPO_CAUS_VARIAZ$','sei1401vla','SCONTISTICA_FATTURA','H3','0','1');
Insert into WP1_INSTANCE_PARAMETERS (NAME_PARAM,ID_TICKET,ID_JOB,VAL_PARAM,IS_MACRO,COUNTER) values ('$DATA_DA_MAX$','sei1401vla','SCONTISTICA_FATTURA','31/01/2015','0','1');
Insert into WP1_INSTANCE_PARAMETERS (NAME_PARAM,ID_TICKET,ID_JOB,VAL_PARAM,IS_MACRO,COUNTER) values ('$DATA_DA_MIN$','sei1401vla','SCONTISTICA_FATTURA','01/07/2014','0','1');
Insert into WP1_INSTANCE_PARAMETERS (NAME_PARAM,ID_TICKET,ID_JOB,VAL_PARAM,IS_MACRO,COUNTER) values ('$DATA_INIZIO_VALID$','sei1401vla','SCONTISTICA_FATTURA',null,'0','1');
Insert into WP1_INSTANCE_PARAMETERS (NAME_PARAM,ID_TICKET,ID_JOB,VAL_PARAM,IS_MACRO,COUNTER) values ('$IMPORTO$','sei1401vla','SCONTISTICA_FATTURA','11.72','0','1');
Insert into WP1_INSTANCE_PARAMETERS (NAME_PARAM,ID_TICKET,ID_JOB,VAL_PARAM,IS_MACRO,COUNTER) values ('$LIST_CODICE_PROGETTO[0]$','sei1401vla','SCONTISTICA_FATTURA','SEI1401VLA','0','1');
Insert into WP1_INSTANCE_PARAMETERS (NAME_PARAM,ID_TICKET,ID_JOB,VAL_PARAM,IS_MACRO,COUNTER) values ('$LIST_OGG_DI_FATRZ[0]$','sei1401vla','SCONTISTICA_FATTURA','134','0','1');
Insert into WP1_INSTANCE_PARAMETERS (NAME_PARAM,ID_TICKET,ID_JOB,VAL_PARAM,IS_MACRO,COUNTER) values ('$CHECK_DATA_DRO$','WSN259304','SCONTISTICA_FATTURA','0','0','1');
Insert into WP1_INSTANCE_PARAMETERS (NAME_PARAM,ID_TICKET,ID_JOB,VAL_PARAM,IS_MACRO,COUNTER) values ('$CODE_ACCOUNT$','WSN259304','SCONTISTICA_FATTURA','C5011','0','1');
Insert into WP1_INSTANCE_PARAMETERS (NAME_PARAM,ID_TICKET,ID_JOB,VAL_PARAM,IS_MACRO,COUNTER) values ('$CODE_TIPO_CAUS_VARIAZ$','WSN259304','SCONTISTICA_FATTURA','H3','0','1');
Insert into WP1_INSTANCE_PARAMETERS (NAME_PARAM,ID_TICKET,ID_JOB,VAL_PARAM,IS_MACRO,COUNTER) values ('$DATA_DA_MAX$','WSN259304','SCONTISTICA_FATTURA','31/08/2014','0','1');
Insert into WP1_INSTANCE_PARAMETERS (NAME_PARAM,ID_TICKET,ID_JOB,VAL_PARAM,IS_MACRO,COUNTER) values ('$DATA_DA_MIN$','WSN259304','SCONTISTICA_FATTURA','01/04/2014','0','1');
Insert into WP1_INSTANCE_PARAMETERS (NAME_PARAM,ID_TICKET,ID_JOB,VAL_PARAM,IS_MACRO,COUNTER) values ('$DATA_INIZIO_VALID$','WSN259304','SCONTISTICA_FATTURA',null,'0','1');
Insert into WP1_INSTANCE_PARAMETERS (NAME_PARAM,ID_TICKET,ID_JOB,VAL_PARAM,IS_MACRO,COUNTER) values ('$IMPORTO$','WSN259304','SCONTISTICA_FATTURA','10.20','0','1');
Insert into WP1_INSTANCE_PARAMETERS (NAME_PARAM,ID_TICKET,ID_JOB,VAL_PARAM,IS_MACRO,COUNTER) values ('$LIST_CODICE_PROGETTO[0]$','WSN259304','SCONTISTICA_FATTURA','SLN1401VLA','0','1');
Insert into WP1_INSTANCE_PARAMETERS (NAME_PARAM,ID_TICKET,ID_JOB,VAL_PARAM,IS_MACRO,COUNTER) values ('$LIST_OGG_DI_FATRZ[0]$','WSN259304','SCONTISTICA_FATTURA','134','0','1');
Insert into WP1_INSTANCE_PARAMETERS (NAME_PARAM,ID_TICKET,ID_JOB,VAL_PARAM,IS_MACRO,COUNTER) values ('$CHECK_DATA_DRO$','WSN272625','SCONTISTICA_FATTURA','0','0','1');
Insert into WP1_INSTANCE_PARAMETERS (NAME_PARAM,ID_TICKET,ID_JOB,VAL_PARAM,IS_MACRO,COUNTER) values ('$CODE_ACCOUNT$','WSN272625','SCONTISTICA_FATTURA','C5053','0','1');
Insert into WP1_INSTANCE_PARAMETERS (NAME_PARAM,ID_TICKET,ID_JOB,VAL_PARAM,IS_MACRO,COUNTER) values ('$CODE_TIPO_CAUS_VARIAZ$','WSN272625','SCONTISTICA_FATTURA','H3','0','1');
Insert into WP1_INSTANCE_PARAMETERS (NAME_PARAM,ID_TICKET,ID_JOB,VAL_PARAM,IS_MACRO,COUNTER) values ('$DATA_DA_MAX$','WSN272625','SCONTISTICA_FATTURA','30/11/2014','0','1');
Insert into WP1_INSTANCE_PARAMETERS (NAME_PARAM,ID_TICKET,ID_JOB,VAL_PARAM,IS_MACRO,COUNTER) values ('$DATA_DA_MIN$','WSN272625','SCONTISTICA_FATTURA','01/08/2014','0','1');
Insert into WP1_INSTANCE_PARAMETERS (NAME_PARAM,ID_TICKET,ID_JOB,VAL_PARAM,IS_MACRO,COUNTER) values ('$DATA_INIZIO_VALID$','WSN272625','SCONTISTICA_FATTURA',null,'0','1');
Insert into WP1_INSTANCE_PARAMETERS (NAME_PARAM,ID_TICKET,ID_JOB,VAL_PARAM,IS_MACRO,COUNTER) values ('$IMPORTO$','WSN272625','SCONTISTICA_FATTURA','10.20','0','1');
Insert into WP1_INSTANCE_PARAMETERS (NAME_PARAM,ID_TICKET,ID_JOB,VAL_PARAM,IS_MACRO,COUNTER) values ('$LIST_CODICE_PROGETTO[0]$','WSN272625','SCONTISTICA_FATTURA','CTB1401VLA','0','1');
Insert into WP1_INSTANCE_PARAMETERS (NAME_PARAM,ID_TICKET,ID_JOB,VAL_PARAM,IS_MACRO,COUNTER) values ('$LIST_OGG_DI_FATRZ[0]$','WSN272625','SCONTISTICA_FATTURA','134','0','1');
Insert into WP1_INSTANCE_PARAMETERS (NAME_PARAM,ID_TICKET,ID_JOB,VAL_PARAM,IS_MACRO,COUNTER) values ('$CODE_ACCOUNT$','WSN239891','SCONTISTICA_FATTURA','3190','0','1');
Insert into WP1_INSTANCE_PARAMETERS (NAME_PARAM,ID_TICKET,ID_JOB,VAL_PARAM,IS_MACRO,COUNTER) values ('$DATA_INIZIO_VALID$','WSN239891','SCONTISTICA_FATTURA',null,'0','1');
Insert into WP1_INSTANCE_PARAMETERS (NAME_PARAM,ID_TICKET,ID_JOB,VAL_PARAM,IS_MACRO,COUNTER) values ('$CHECK_DATA_DRO$','WSN239891','SCONTISTICA_FATTURA','0','0','1');
Insert into WP1_INSTANCE_PARAMETERS (NAME_PARAM,ID_TICKET,ID_JOB,VAL_PARAM,IS_MACRO,COUNTER) values ('$DATA_DA_MAX$','WSN239891','SCONTISTICA_FATTURA','31/12/2099','0','1');
Insert into WP1_INSTANCE_PARAMETERS (NAME_PARAM,ID_TICKET,ID_JOB,VAL_PARAM,IS_MACRO,COUNTER) values ('$DATA_DA_MIN$','WSN239891','SCONTISTICA_FATTURA','01/10/2013','0','1');
Insert into WP1_INSTANCE_PARAMETERS (NAME_PARAM,ID_TICKET,ID_JOB,VAL_PARAM,IS_MACRO,COUNTER) values ('$LIST_CODICE_PROGETTO[0]$','WSN239891','SCONTISTICA_FATTURA','WLI1302MIG','0','1');
Insert into WP1_INSTANCE_PARAMETERS (NAME_PARAM,ID_TICKET,ID_JOB,VAL_PARAM,IS_MACRO,COUNTER) values ('LOG-KEY','WSN272625','SCONTISTICA_FATTURA','1','0','1');
Insert into WP1_INSTANCE_PARAMETERS (NAME_PARAM,ID_TICKET,ID_JOB,VAL_PARAM,IS_MACRO,COUNTER) values ('$LIST_OGG_DI_FATRZ[0]$','WSN239891','SCONTISTICA_FATTURA','123','0','1');
Insert into WP1_INSTANCE_PARAMETERS (NAME_PARAM,ID_TICKET,ID_JOB,VAL_PARAM,IS_MACRO,COUNTER) values ('$CHECK_DATA_DRO$','WSN249027','SCONTISTICA_NC','0','0','1');
Insert into WP1_INSTANCE_PARAMETERS (NAME_PARAM,ID_TICKET,ID_JOB,VAL_PARAM,IS_MACRO,COUNTER) values ('$CODE_TIPO_CAUS_VARIAZ$','WSN239891','SCONTISTICA_FATTURA','H3','0','1');
Insert into WP1_INSTANCE_PARAMETERS (NAME_PARAM,ID_TICKET,ID_JOB,VAL_PARAM,IS_MACRO,COUNTER) values ('$IMPORTO$','WSN239891','SCONTISTICA_FATTURA','0','0','1');
Insert into WP1_INSTANCE_PARAMETERS (NAME_PARAM,ID_TICKET,ID_JOB,VAL_PARAM,IS_MACRO,COUNTER) values ('$CODE_ACCOUNT$','WSN249027','SCONTISTICA_NC','3128','0','1');
Insert into WP1_INSTANCE_PARAMETERS (NAME_PARAM,ID_TICKET,ID_JOB,VAL_PARAM,IS_MACRO,COUNTER) values ('$CODE_TIPO_CAUS_VARIAZ$','WSN249027','SCONTISTICA_NC','H3','0','1');
Insert into WP1_INSTANCE_PARAMETERS (NAME_PARAM,ID_TICKET,ID_JOB,VAL_PARAM,IS_MACRO,COUNTER) values ('$DATA_DA_MAX$','WSN249027','SCONTISTICA_NC','30/09/2013','0','1');
Insert into WP1_INSTANCE_PARAMETERS (NAME_PARAM,ID_TICKET,ID_JOB,VAL_PARAM,IS_MACRO,COUNTER) values ('$DATA_DA_MIN$','WSN249027','SCONTISTICA_NC','01/01/1900','0','1');
Insert into WP1_INSTANCE_PARAMETERS (NAME_PARAM,ID_TICKET,ID_JOB,VAL_PARAM,IS_MACRO,COUNTER) values ('$DATA_INIZIO_VALID$','WSN249027','SCONTISTICA_NC',null,'0','1');
Insert into WP1_INSTANCE_PARAMETERS (NAME_PARAM,ID_TICKET,ID_JOB,VAL_PARAM,IS_MACRO,COUNTER) values ('$IMPORTO$','WSN249027','SCONTISTICA_NC','0','0','1');
Insert into WP1_INSTANCE_PARAMETERS (NAME_PARAM,ID_TICKET,ID_JOB,VAL_PARAM,IS_MACRO,COUNTER) values ('$CHECK_DATA_DRO$','WSN249023','SCONTISTICA_NC','0','0','1');
Insert into WP1_INSTANCE_PARAMETERS (NAME_PARAM,ID_TICKET,ID_JOB,VAL_PARAM,IS_MACRO,COUNTER) values ('$CODE_ACCOUNT$','WSN249023','SCONTISTICA_NC','1952','0','1');
Insert into WP1_INSTANCE_PARAMETERS (NAME_PARAM,ID_TICKET,ID_JOB,VAL_PARAM,IS_MACRO,COUNTER) values ('$CODE_TIPO_CAUS_VARIAZ$','WSN249023','SCONTISTICA_NC','H3','0','1');
Insert into WP1_INSTANCE_PARAMETERS (NAME_PARAM,ID_TICKET,ID_JOB,VAL_PARAM,IS_MACRO,COUNTER) values ('$DATA_DA_MAX$','WSN249023','SCONTISTICA_NC','31/12/2013','0','1');
Insert into WP1_INSTANCE_PARAMETERS (NAME_PARAM,ID_TICKET,ID_JOB,VAL_PARAM,IS_MACRO,COUNTER) values ('$LIST_CAUSALI[0]$','WSN272625','SCONTISTICA_FATTURA','U2','0','1');
Insert into WP1_INSTANCE_PARAMETERS (NAME_PARAM,ID_TICKET,ID_JOB,VAL_PARAM,IS_MACRO,COUNTER) values ('$LIST_CODE_PS[0]$','WSN272625','SCONTISTICA_FATTURA','440001','0','1');
Insert into WP1_INSTANCE_PARAMETERS (NAME_PARAM,ID_TICKET,ID_JOB,VAL_PARAM,IS_MACRO,COUNTER) values ('$CHECK_DATA_DRO$','EliminaDettOltre5Anni_FT','SCONTISTICA_FATTURA_X_CONTR','0','0','1');
Insert into WP1_INSTANCE_PARAMETERS (NAME_PARAM,ID_TICKET,ID_JOB,VAL_PARAM,IS_MACRO,COUNTER) values ('$CODE_TIPO_CAUS_VARIAZ$','EliminaDettOltre5Anni_FT','SCONTISTICA_FATTURA_X_CONTR','H3','0','1');
Insert into WP1_INSTANCE_PARAMETERS (NAME_PARAM,ID_TICKET,ID_JOB,VAL_PARAM,IS_MACRO,COUNTER) values ('$DATA_DA_MAX$','EliminaDettOltre5Anni_FT','SCONTISTICA_FATTURA_X_CONTR','$DATA_INIZIO_CICLO_-5Y$','0','1');
Insert into WP1_INSTANCE_PARAMETERS (NAME_PARAM,ID_TICKET,ID_JOB,VAL_PARAM,IS_MACRO,COUNTER) values ('$DATA_DA_MIN$','EliminaDettOltre5Anni_FT','SCONTISTICA_FATTURA_X_CONTR','01/01/1900','0','1');
Insert into WP1_INSTANCE_PARAMETERS (NAME_PARAM,ID_TICKET,ID_JOB,VAL_PARAM,IS_MACRO,COUNTER) values ('$DATA_INIZIO_VALID$','EliminaDettOltre5Anni_FT','SCONTISTICA_FATTURA_X_CONTR',null,'0','1');
Insert into WP1_INSTANCE_PARAMETERS (NAME_PARAM,ID_TICKET,ID_JOB,VAL_PARAM,IS_MACRO,COUNTER) values ('$IMPORTO$','EliminaDettOltre5Anni_FT','SCONTISTICA_FATTURA_X_CONTR','0','0','1');
Insert into WP1_INSTANCE_PARAMETERS (NAME_PARAM,ID_TICKET,ID_JOB,VAL_PARAM,IS_MACRO,COUNTER) values ('$LIST_CODE_PS[1]$','WSN272625','SCONTISTICA_FATTURA','440002','0','1');
Insert into WP1_INSTANCE_PARAMETERS (NAME_PARAM,ID_TICKET,ID_JOB,VAL_PARAM,IS_MACRO,COUNTER) values ('$LIST_CODE_PS[2]$','WSN272625','SCONTISTICA_FATTURA','440003','0','1');
Insert into WP1_INSTANCE_PARAMETERS (NAME_PARAM,ID_TICKET,ID_JOB,VAL_PARAM,IS_MACRO,COUNTER) values ('$LIST_CODE_PS[3]$','WSN272625','SCONTISTICA_FATTURA','440071','0','1');
Insert into WP1_INSTANCE_PARAMETERS (NAME_PARAM,ID_TICKET,ID_JOB,VAL_PARAM,IS_MACRO,COUNTER) values ('$LIST_CODE_PS[4]$','WSN272625','SCONTISTICA_FATTURA','440077','0','1');
Insert into WP1_INSTANCE_PARAMETERS (NAME_PARAM,ID_TICKET,ID_JOB,VAL_PARAM,IS_MACRO,COUNTER) values ('$LIST_CODE_PS[5]$','WSN272625','SCONTISTICA_FATTURA','440078','0','1');
Insert into WP1_INSTANCE_PARAMETERS (NAME_PARAM,ID_TICKET,ID_JOB,VAL_PARAM,IS_MACRO,COUNTER) values ('$LIST_CODE_PS[6]$','WSN272625','SCONTISTICA_FATTURA','440030','0','1');
Insert into WP1_INSTANCE_PARAMETERS (NAME_PARAM,ID_TICKET,ID_JOB,VAL_PARAM,IS_MACRO,COUNTER) values ('LOG-KEY','WS00001','JOB_TIPO_FLAG_ACQ_OL_READY3','0','0','1');
Insert into WP1_INSTANCE_PARAMETERS (NAME_PARAM,ID_TICKET,ID_JOB,VAL_PARAM,IS_MACRO,COUNTER) values ('LOG-KEY','WS00001','JOB_COND_ACCANT_OL_BSTREAM_ATM','0','0','11');
Insert into WP1_INSTANCE_PARAMETERS (NAME_PARAM,ID_TICKET,ID_JOB,VAL_PARAM,IS_MACRO,COUNTER) values ('$DATA_DA_MIN$','WSN249023','SCONTISTICA_NC','01/01/1900','0','1');
Insert into WP1_INSTANCE_PARAMETERS (NAME_PARAM,ID_TICKET,ID_JOB,VAL_PARAM,IS_MACRO,COUNTER) values ('$DATA_INIZIO_VALID$','WSN249023','SCONTISTICA_NC',null,'0','1');
Insert into WP1_INSTANCE_PARAMETERS (NAME_PARAM,ID_TICKET,ID_JOB,VAL_PARAM,IS_MACRO,COUNTER) values ('$IMPORTO$','WSN249023','SCONTISTICA_NC','0','0','1');
Insert into WP1_INSTANCE_PARAMETERS (NAME_PARAM,ID_TICKET,ID_JOB,VAL_PARAM,IS_MACRO,COUNTER) values ('$LIST_OGG_DI_FATRZ[0]$','WSN249023','SCONTISTICA_NC','70','0','1');
Insert into WP1_INSTANCE_PARAMETERS (NAME_PARAM,ID_TICKET,ID_JOB,VAL_PARAM,IS_MACRO,COUNTER) values ('$CHECK_DATA_DRO$','WSN249024','SCONTISTICA_FATTURA','0','0','1');
Insert into WP1_INSTANCE_PARAMETERS (NAME_PARAM,ID_TICKET,ID_JOB,VAL_PARAM,IS_MACRO,COUNTER) values ('$CODE_ACCOUNT$','WSN249024','SCONTISTICA_FATTURA','3765','0','1');
Insert into WP1_INSTANCE_PARAMETERS (NAME_PARAM,ID_TICKET,ID_JOB,VAL_PARAM,IS_MACRO,COUNTER) values ('$CODE_TIPO_CAUS_VARIAZ$','WSN249024','SCONTISTICA_FATTURA','H3','0','1');
Insert into WP1_INSTANCE_PARAMETERS (NAME_PARAM,ID_TICKET,ID_JOB,VAL_PARAM,IS_MACRO,COUNTER) values ('$DATA_DA_MAX$','WSN249024','SCONTISTICA_FATTURA','31/12/2013','0','1');
Insert into WP1_INSTANCE_PARAMETERS (NAME_PARAM,ID_TICKET,ID_JOB,VAL_PARAM,IS_MACRO,COUNTER) values ('$DATA_DA_MIN$','WSN249024','SCONTISTICA_FATTURA','01/10/2013','0','1');
Insert into WP1_INSTANCE_PARAMETERS (NAME_PARAM,ID_TICKET,ID_JOB,VAL_PARAM,IS_MACRO,COUNTER) values ('$DATA_INIZIO_VALID$','WSN249024','SCONTISTICA_FATTURA',null,'0','1');
Insert into WP1_INSTANCE_PARAMETERS (NAME_PARAM,ID_TICKET,ID_JOB,VAL_PARAM,IS_MACRO,COUNTER) values ('$IMPORTO$','WSN249024','SCONTISTICA_FATTURA','0','0','1');
Insert into WP1_INSTANCE_PARAMETERS (NAME_PARAM,ID_TICKET,ID_JOB,VAL_PARAM,IS_MACRO,COUNTER) values ('$LIST_CODICE_PROGETTO[0]$','WSN249024','SCONTISTICA_FATTURA','INT1200ULL','0','1');
Insert into WP1_INSTANCE_PARAMETERS (NAME_PARAM,ID_TICKET,ID_JOB,VAL_PARAM,IS_MACRO,COUNTER) values ('$LIST_OGG_DI_FATRZ[0]$','WSN249024','SCONTISTICA_FATTURA','72','0','1');
Insert into WP1_INSTANCE_PARAMETERS (NAME_PARAM,ID_TICKET,ID_JOB,VAL_PARAM,IS_MACRO,COUNTER) values ('$CHECK_DATA_DRO$','WSN244172','SCONTISTICA_FATTURA','0','0','1');
Insert into WP1_INSTANCE_PARAMETERS (NAME_PARAM,ID_TICKET,ID_JOB,VAL_PARAM,IS_MACRO,COUNTER) values ('$CODE_ACCOUNT$','WSN244172','SCONTISTICA_FATTURA','1953','0','1');
Insert into WP1_INSTANCE_PARAMETERS (NAME_PARAM,ID_TICKET,ID_JOB,VAL_PARAM,IS_MACRO,COUNTER) values ('$CODE_TIPO_CAUS_VARIAZ$','WSN244172','SCONTISTICA_FATTURA','H3','0','1');
Insert into WP1_INSTANCE_PARAMETERS (NAME_PARAM,ID_TICKET,ID_JOB,VAL_PARAM,IS_MACRO,COUNTER) values ('$DATA_DA_MAX$','WSN244172','SCONTISTICA_FATTURA','31/12/2013','0','1');
Insert into WP1_INSTANCE_PARAMETERS (NAME_PARAM,ID_TICKET,ID_JOB,VAL_PARAM,IS_MACRO,COUNTER) values ('$DATA_DA_MIN$','WSN244172','SCONTISTICA_FATTURA','01/01/1900','0','1');
Insert into WP1_INSTANCE_PARAMETERS (NAME_PARAM,ID_TICKET,ID_JOB,VAL_PARAM,IS_MACRO,COUNTER) values ('$DATA_INIZIO_VALID$','WSN244172','SCONTISTICA_FATTURA',null,'0','1');
Insert into WP1_INSTANCE_PARAMETERS (NAME_PARAM,ID_TICKET,ID_JOB,VAL_PARAM,IS_MACRO,COUNTER) values ('$IMPORTO$','WSN244172','SCONTISTICA_FATTURA','0','0','1');
Insert into WP1_INSTANCE_PARAMETERS (NAME_PARAM,ID_TICKET,ID_JOB,VAL_PARAM,IS_MACRO,COUNTER) values ('$LIST_OGG_DI_FATRZ[0]$','WSN244172','SCONTISTICA_FATTURA','18','0','1');
Insert into WP1_INSTANCE_PARAMETERS (NAME_PARAM,ID_TICKET,ID_JOB,VAL_PARAM,IS_MACRO,COUNTER) values ('$LIST_CODE_PS[0]$','WSN244172','SCONTISTICA_FATTURA','569','0','1');
Insert into WP1_INSTANCE_PARAMETERS (NAME_PARAM,ID_TICKET,ID_JOB,VAL_PARAM,IS_MACRO,COUNTER) values ('$LIST_CODE_PS[1]$','WSN244172','SCONTISTICA_FATTURA','571','0','1');
Insert into WP1_INSTANCE_PARAMETERS (NAME_PARAM,ID_TICKET,ID_JOB,VAL_PARAM,IS_MACRO,COUNTER) values ('$LIST_CODE_PS[2]$','WSN244172','SCONTISTICA_FATTURA','572','0','1');
Insert into WP1_INSTANCE_PARAMETERS (NAME_PARAM,ID_TICKET,ID_JOB,VAL_PARAM,IS_MACRO,COUNTER) values ('$LIST_CODE_PS[3]$','WSN244172','SCONTISTICA_FATTURA','573','0','1');
Insert into WP1_INSTANCE_PARAMETERS (NAME_PARAM,ID_TICKET,ID_JOB,VAL_PARAM,IS_MACRO,COUNTER) values ('$LIST_CODE_PS[4]$','WSN244172','SCONTISTICA_FATTURA','591','0','1');
Insert into WP1_INSTANCE_PARAMETERS (NAME_PARAM,ID_TICKET,ID_JOB,VAL_PARAM,IS_MACRO,COUNTER) values ('$LIST_OGG_DI_FATRZ[1]$','WSN244172','SCONTISTICA_FATTURA','17','0','1');
Insert into WP1_INSTANCE_PARAMETERS (NAME_PARAM,ID_TICKET,ID_JOB,VAL_PARAM,IS_MACRO,COUNTER) values ('$LIST_OGG_DI_FATRZ[2]$','WSN244172','SCONTISTICA_FATTURA','82','0','1');
Insert into WP1_INSTANCE_PARAMETERS (NAME_PARAM,ID_TICKET,ID_JOB,VAL_PARAM,IS_MACRO,COUNTER) values ('$LIST_OGG_DI_FATRZ[3]$','WSN244172','SCONTISTICA_FATTURA','16','0','1');
Insert into WP1_INSTANCE_PARAMETERS (NAME_PARAM,ID_TICKET,ID_JOB,VAL_PARAM,IS_MACRO,COUNTER) values ('$CHECK_DATA_DRO$','WSN244172_2','SCONTISTICA_FATTURA','0','0','1');
Insert into WP1_INSTANCE_PARAMETERS (NAME_PARAM,ID_TICKET,ID_JOB,VAL_PARAM,IS_MACRO,COUNTER) values ('$CODE_ACCOUNT$','WSN244172_2','SCONTISTICA_FATTURA','132','0','1');
Insert into WP1_INSTANCE_PARAMETERS (NAME_PARAM,ID_TICKET,ID_JOB,VAL_PARAM,IS_MACRO,COUNTER) values ('$CODE_TIPO_CAUS_VARIAZ$','WSN244172_2','SCONTISTICA_FATTURA','H3','0','1');
Insert into WP1_INSTANCE_PARAMETERS (NAME_PARAM,ID_TICKET,ID_JOB,VAL_PARAM,IS_MACRO,COUNTER) values ('$DATA_DA_MAX$','WSN244172_2','SCONTISTICA_FATTURA','31/12/2013','0','1');
Insert into WP1_INSTANCE_PARAMETERS (NAME_PARAM,ID_TICKET,ID_JOB,VAL_PARAM,IS_MACRO,COUNTER) values ('$DATA_DA_MIN$','WSN244172_2','SCONTISTICA_FATTURA','01/01/1900','0','1');
Insert into WP1_INSTANCE_PARAMETERS (NAME_PARAM,ID_TICKET,ID_JOB,VAL_PARAM,IS_MACRO,COUNTER) values ('$DATA_INIZIO_VALID$','WSN244172_2','SCONTISTICA_FATTURA',null,'0','1');
Insert into WP1_INSTANCE_PARAMETERS (NAME_PARAM,ID_TICKET,ID_JOB,VAL_PARAM,IS_MACRO,COUNTER) values ('$IMPORTO$','WSN244172_2','SCONTISTICA_FATTURA','0','0','1');
Insert into WP1_INSTANCE_PARAMETERS (NAME_PARAM,ID_TICKET,ID_JOB,VAL_PARAM,IS_MACRO,COUNTER) values ('$LIST_OGG_DI_FATRZ[0]$','WSN244172_2','SCONTISTICA_FATTURA','18','0','1');
Insert into WP1_INSTANCE_PARAMETERS (NAME_PARAM,ID_TICKET,ID_JOB,VAL_PARAM,IS_MACRO,COUNTER) values ('$LIST_CODE_PS[0]$','WSN244172_2','SCONTISTICA_FATTURA','569','0','1');
Insert into WP1_INSTANCE_PARAMETERS (NAME_PARAM,ID_TICKET,ID_JOB,VAL_PARAM,IS_MACRO,COUNTER) values ('$LIST_CODE_PS[1]$','WSN244172_2','SCONTISTICA_FATTURA','571','0','1');
Insert into WP1_INSTANCE_PARAMETERS (NAME_PARAM,ID_TICKET,ID_JOB,VAL_PARAM,IS_MACRO,COUNTER) values ('$LIST_CODE_PS[2]$','WSN244172_2','SCONTISTICA_FATTURA','572','0','1');
Insert into WP1_INSTANCE_PARAMETERS (NAME_PARAM,ID_TICKET,ID_JOB,VAL_PARAM,IS_MACRO,COUNTER) values ('$LIST_CODE_PS[3]$','WSN244172_2','SCONTISTICA_FATTURA','573','0','1');
Insert into WP1_INSTANCE_PARAMETERS (NAME_PARAM,ID_TICKET,ID_JOB,VAL_PARAM,IS_MACRO,COUNTER) values ('$LIST_CODE_PS[4]$','WSN244172_2','SCONTISTICA_FATTURA','591','0','1');
Insert into WP1_INSTANCE_PARAMETERS (NAME_PARAM,ID_TICKET,ID_JOB,VAL_PARAM,IS_MACRO,COUNTER) values ('$LIST_OGG_DI_FATRZ[1]$','WSN244172_2','SCONTISTICA_FATTURA','17','0','1');
Insert into WP1_INSTANCE_PARAMETERS (NAME_PARAM,ID_TICKET,ID_JOB,VAL_PARAM,IS_MACRO,COUNTER) values ('$LIST_OGG_DI_FATRZ[2]$','WSN244172_2','SCONTISTICA_FATTURA','82','0','1');
Insert into WP1_INSTANCE_PARAMETERS (NAME_PARAM,ID_TICKET,ID_JOB,VAL_PARAM,IS_MACRO,COUNTER) values ('$LIST_OGG_DI_FATRZ[3]$','WSN244172_2','SCONTISTICA_FATTURA','16','0','1');
Insert into WP1_INSTANCE_PARAMETERS (NAME_PARAM,ID_TICKET,ID_JOB,VAL_PARAM,IS_MACRO,COUNTER) values ('$CHECK_DATA_DRO$','WSN244172_3','SCONTISTICA_FATTURA','0','0','1');
Insert into WP1_INSTANCE_PARAMETERS (NAME_PARAM,ID_TICKET,ID_JOB,VAL_PARAM,IS_MACRO,COUNTER) values ('$CODE_ACCOUNT$','WSN244172_3','SCONTISTICA_FATTURA','137','0','1');
Insert into WP1_INSTANCE_PARAMETERS (NAME_PARAM,ID_TICKET,ID_JOB,VAL_PARAM,IS_MACRO,COUNTER) values ('$CODE_TIPO_CAUS_VARIAZ$','WSN244172_3','SCONTISTICA_FATTURA','H3','0','1');
Insert into WP1_INSTANCE_PARAMETERS (NAME_PARAM,ID_TICKET,ID_JOB,VAL_PARAM,IS_MACRO,COUNTER) values ('$DATA_DA_MAX$','WSN244172_3','SCONTISTICA_FATTURA','31/12/2013','0','1');
Insert into WP1_INSTANCE_PARAMETERS (NAME_PARAM,ID_TICKET,ID_JOB,VAL_PARAM,IS_MACRO,COUNTER) values ('$DATA_DA_MIN$','WSN244172_3','SCONTISTICA_FATTURA','01/01/1900','0','1');
Insert into WP1_INSTANCE_PARAMETERS (NAME_PARAM,ID_TICKET,ID_JOB,VAL_PARAM,IS_MACRO,COUNTER) values ('$DATA_INIZIO_VALID$','WSN244172_3','SCONTISTICA_FATTURA',null,'0','1');
Insert into WP1_INSTANCE_PARAMETERS (NAME_PARAM,ID_TICKET,ID_JOB,VAL_PARAM,IS_MACRO,COUNTER) values ('$IMPORTO$','WSN244172_3','SCONTISTICA_FATTURA','0','0','1');
Insert into WP1_INSTANCE_PARAMETERS (NAME_PARAM,ID_TICKET,ID_JOB,VAL_PARAM,IS_MACRO,COUNTER) values ('$LIST_OGG_DI_FATRZ[0]$','WSN244172_3','SCONTISTICA_FATTURA','18','0','1');
Insert into WP1_INSTANCE_PARAMETERS (NAME_PARAM,ID_TICKET,ID_JOB,VAL_PARAM,IS_MACRO,COUNTER) values ('$LIST_CODE_PS[0]$','WSN244172_3','SCONTISTICA_FATTURA','569','0','1');
Insert into WP1_INSTANCE_PARAMETERS (NAME_PARAM,ID_TICKET,ID_JOB,VAL_PARAM,IS_MACRO,COUNTER) values ('$LIST_CODE_PS[1]$','WSN244172_3','SCONTISTICA_FATTURA','571','0','1');
Insert into WP1_INSTANCE_PARAMETERS (NAME_PARAM,ID_TICKET,ID_JOB,VAL_PARAM,IS_MACRO,COUNTER) values ('$LIST_CODE_PS[2]$','WSN244172_3','SCONTISTICA_FATTURA','572','0','1');
Insert into WP1_INSTANCE_PARAMETERS (NAME_PARAM,ID_TICKET,ID_JOB,VAL_PARAM,IS_MACRO,COUNTER) values ('$LIST_CODE_PS[3]$','WSN244172_3','SCONTISTICA_FATTURA','573','0','1');
Insert into WP1_INSTANCE_PARAMETERS (NAME_PARAM,ID_TICKET,ID_JOB,VAL_PARAM,IS_MACRO,COUNTER) values ('$LIST_CODE_PS[4]$','WSN244172_3','SCONTISTICA_FATTURA','591','0','1');
Insert into WP1_INSTANCE_PARAMETERS (NAME_PARAM,ID_TICKET,ID_JOB,VAL_PARAM,IS_MACRO,COUNTER) values ('$LIST_OGG_DI_FATRZ[1]$','WSN244172_3','SCONTISTICA_FATTURA','17','0','1');
Insert into WP1_INSTANCE_PARAMETERS (NAME_PARAM,ID_TICKET,ID_JOB,VAL_PARAM,IS_MACRO,COUNTER) values ('$LIST_OGG_DI_FATRZ[2]$','WSN244172_3','SCONTISTICA_FATTURA','82','0','1');
Insert into WP1_INSTANCE_PARAMETERS (NAME_PARAM,ID_TICKET,ID_JOB,VAL_PARAM,IS_MACRO,COUNTER) values ('$LIST_OGG_DI_FATRZ[3]$','WSN244172_3','SCONTISTICA_FATTURA','16','0','1');
Insert into WP1_INSTANCE_PARAMETERS (NAME_PARAM,ID_TICKET,ID_JOB,VAL_PARAM,IS_MACRO,COUNTER) values ('$CHECK_DATA_DRO$','WSN244172_4','SCONTISTICA_FATTURA','0','0','1');
Insert into WP1_INSTANCE_PARAMETERS (NAME_PARAM,ID_TICKET,ID_JOB,VAL_PARAM,IS_MACRO,COUNTER) values ('$CODE_ACCOUNT$','WSN244172_4','SCONTISTICA_FATTURA','129','0','1');
Insert into WP1_INSTANCE_PARAMETERS (NAME_PARAM,ID_TICKET,ID_JOB,VAL_PARAM,IS_MACRO,COUNTER) values ('$CODE_TIPO_CAUS_VARIAZ$','WSN244172_4','SCONTISTICA_FATTURA','H3','0','1');
Insert into WP1_INSTANCE_PARAMETERS (NAME_PARAM,ID_TICKET,ID_JOB,VAL_PARAM,IS_MACRO,COUNTER) values ('$DATA_DA_MAX$','WSN244172_4','SCONTISTICA_FATTURA','31/12/2013','0','1');
Insert into WP1_INSTANCE_PARAMETERS (NAME_PARAM,ID_TICKET,ID_JOB,VAL_PARAM,IS_MACRO,COUNTER) values ('$DATA_DA_MIN$','WSN244172_4','SCONTISTICA_FATTURA','01/01/1900','0','1');
Insert into WP1_INSTANCE_PARAMETERS (NAME_PARAM,ID_TICKET,ID_JOB,VAL_PARAM,IS_MACRO,COUNTER) values ('$DATA_INIZIO_VALID$','WSN244172_4','SCONTISTICA_FATTURA',null,'0','1');
Insert into WP1_INSTANCE_PARAMETERS (NAME_PARAM,ID_TICKET,ID_JOB,VAL_PARAM,IS_MACRO,COUNTER) values ('$IMPORTO$','WSN244172_4','SCONTISTICA_FATTURA','0','0','1');
Insert into WP1_INSTANCE_PARAMETERS (NAME_PARAM,ID_TICKET,ID_JOB,VAL_PARAM,IS_MACRO,COUNTER) values ('$LIST_OGG_DI_FATRZ[0]$','WSN244172_4','SCONTISTICA_FATTURA','18','0','1');
Insert into WP1_INSTANCE_PARAMETERS (NAME_PARAM,ID_TICKET,ID_JOB,VAL_PARAM,IS_MACRO,COUNTER) values ('$LIST_CODE_PS[0]$','WSN244172_4','SCONTISTICA_FATTURA','569','0','1');
Insert into WP1_INSTANCE_PARAMETERS (NAME_PARAM,ID_TICKET,ID_JOB,VAL_PARAM,IS_MACRO,COUNTER) values ('$LIST_CODE_PS[1]$','WSN244172_4','SCONTISTICA_FATTURA','571','0','1');
Insert into WP1_INSTANCE_PARAMETERS (NAME_PARAM,ID_TICKET,ID_JOB,VAL_PARAM,IS_MACRO,COUNTER) values ('$LIST_CODE_PS[2]$','WSN244172_4','SCONTISTICA_FATTURA','572','0','1');
Insert into WP1_INSTANCE_PARAMETERS (NAME_PARAM,ID_TICKET,ID_JOB,VAL_PARAM,IS_MACRO,COUNTER) values ('$LIST_CODE_PS[3]$','WSN244172_4','SCONTISTICA_FATTURA','573','0','1');
Insert into WP1_INSTANCE_PARAMETERS (NAME_PARAM,ID_TICKET,ID_JOB,VAL_PARAM,IS_MACRO,COUNTER) values ('$LIST_CODE_PS[4]$','WSN244172_4','SCONTISTICA_FATTURA','591','0','1');
Insert into WP1_INSTANCE_PARAMETERS (NAME_PARAM,ID_TICKET,ID_JOB,VAL_PARAM,IS_MACRO,COUNTER) values ('$LIST_OGG_DI_FATRZ[1]$','WSN244172_4','SCONTISTICA_FATTURA','17','0','1');
Insert into WP1_INSTANCE_PARAMETERS (NAME_PARAM,ID_TICKET,ID_JOB,VAL_PARAM,IS_MACRO,COUNTER) values ('$LIST_OGG_DI_FATRZ[2]$','WSN244172_4','SCONTISTICA_FATTURA','82','0','1');
Insert into WP1_INSTANCE_PARAMETERS (NAME_PARAM,ID_TICKET,ID_JOB,VAL_PARAM,IS_MACRO,COUNTER) values ('$CODE_SETT_MERC$','ATTIVITA_PRO_POSTWRITE','SAP_MARK_SETTORE_MERC','VV','0','2');
Insert into WP1_INSTANCE_PARAMETERS (NAME_PARAM,ID_TICKET,ID_JOB,VAL_PARAM,IS_MACRO,COUNTER) values ('$CODICE_SAP$','ATTIVITA_PRO_POSTWRITE','SAP_MARK_SETTORE_MERC','2000009511','0','2');
Insert into WP1_INSTANCE_PARAMETERS (NAME_PARAM,ID_TICKET,ID_JOB,VAL_PARAM,IS_MACRO,COUNTER) values ('$NUOVO_CODICE_SAP$','ATTIVITA_PRO_POSTWRITE','SAP_MARK_SETTORE_MERC','2000020515','0','2');
Insert into WP1_INSTANCE_PARAMETERS (NAME_PARAM,ID_TICKET,ID_JOB,VAL_PARAM,IS_MACRO,COUNTER) values ('$CODE_SETT_MERC$','ATTIVITA_PRO_POSTWRITE','SAP_MARK_SETTORE_MERC','VV','0','3');
Insert into WP1_INSTANCE_PARAMETERS (NAME_PARAM,ID_TICKET,ID_JOB,VAL_PARAM,IS_MACRO,COUNTER) values ('$CODICE_SAP$','ATTIVITA_PRO_POSTWRITE','SAP_MARK_SETTORE_MERC','2000021297','0','3');
Insert into WP1_INSTANCE_PARAMETERS (NAME_PARAM,ID_TICKET,ID_JOB,VAL_PARAM,IS_MACRO,COUNTER) values ('$NUOVO_CODICE_SAP$','ATTIVITA_PRO_POSTWRITE','SAP_MARK_SETTORE_MERC','2000008480','0','3');
Insert into WP1_INSTANCE_PARAMETERS (NAME_PARAM,ID_TICKET,ID_JOB,VAL_PARAM,IS_MACRO,COUNTER) values ('$LIST_CODE_PROG_ORD$','ATTIVITA_PRO_POSTWRITE','SAP_MARK_SETTORE_MERC','''42''','0','3');
Insert into WP1_INSTANCE_PARAMETERS (NAME_PARAM,ID_TICKET,ID_JOB,VAL_PARAM,IS_MACRO,COUNTER) values ('$CODE_TIPO_ORD$','ATTIVITA_PRO_POSTWRITE','SAP_DEL_NOTE_DI_CREDITO','ZCR','0','4');
Insert into WP1_INSTANCE_PARAMETERS (NAME_PARAM,ID_TICKET,ID_JOB,VAL_PARAM,IS_MACRO,COUNTER) values ('$LIST_ALIQUOTA$','ATTIVITA_PRO_POSTWRITE','SAP_DEL_NOTE_DI_CREDITO','20,21','0','4');
Insert into WP1_INSTANCE_PARAMETERS (NAME_PARAM,ID_TICKET,ID_JOB,VAL_PARAM,IS_MACRO,COUNTER) values ('$LIST_CODE_PROG_ORD$','ATTIVITA_PRO_POSTWRITE','SAP_DEL_NOTE_DI_CREDITO','''42'',''47'',''48'',''9'',''41''','0','4');
Insert into WP1_INSTANCE_PARAMETERS (NAME_PARAM,ID_TICKET,ID_JOB,VAL_PARAM,IS_MACRO,COUNTER) values ('$LIST_CODE_GEST_SAP$','ATTIVITA_PRO_POSTWRITE','SAP_DEL_NOTE_DI_CREDITO','''FITTIZIOLO'', ''FITTIZIOLS''','0','7');
Insert into WP1_INSTANCE_PARAMETERS (NAME_PARAM,ID_TICKET,ID_JOB,VAL_PARAM,IS_MACRO,COUNTER) values ('$LIST_CODE_GEST_SAP$','ATTIVITA_PRO_POSTWRITE','SAP_DEL_TESTATE','''FITTIZIOLO'', ''FITTIZIOLS''','0','8');
Insert into WP1_INSTANCE_PARAMETERS (NAME_PARAM,ID_TICKET,ID_JOB,VAL_PARAM,IS_MACRO,COUNTER) values ('$CODE_GEST$','ATTIVITA_PRO_RESOCONTO','SAP_UPD_GESTORI_SAP','TL2','0','1');
Insert into WP1_INSTANCE_PARAMETERS (NAME_PARAM,ID_TICKET,ID_JOB,VAL_PARAM,IS_MACRO,COUNTER) values ('$CODE_GEST_SAP$','ATTIVITA_PRO_RESOCONTO','SAP_UPD_GESTORI_SAP','2000020515','0','1');
Insert into WP1_INSTANCE_PARAMETERS (NAME_PARAM,ID_TICKET,ID_JOB,VAL_PARAM,IS_MACRO,COUNTER) values ('$CODE_GEST_SAP$','ATTIVITA_PRO_RESOCONTO','SAP_UPD_GESTORI_SAP','2000008480','0','2');
Insert into WP1_INSTANCE_PARAMETERS (NAME_PARAM,ID_TICKET,ID_JOB,VAL_PARAM,IS_MACRO,COUNTER) values ('$CODE_GEST$','ATTIVITA_PRO_RESOCONTO','SAP_UPD_GESTORI_SAP','NGI','0','2');
Insert into WP1_INSTANCE_PARAMETERS (NAME_PARAM,ID_TICKET,ID_JOB,VAL_PARAM,IS_MACRO,COUNTER) values ('$CODE_GEST$','ATTIVITA_POST_RESOCONTO','SAP_UPD_GESTORI_SAP','TL2','0','1');
Insert into WP1_INSTANCE_PARAMETERS (NAME_PARAM,ID_TICKET,ID_JOB,VAL_PARAM,IS_MACRO,COUNTER) values ('$CODE_GEST_SAP$','ATTIVITA_POST_RESOCONTO','SAP_UPD_GESTORI_SAP','2000009511','0','1');
Insert into WP1_INSTANCE_PARAMETERS (NAME_PARAM,ID_TICKET,ID_JOB,VAL_PARAM,IS_MACRO,COUNTER) values ('$CODE_GEST$','ATTIVITA_POST_RESOCONTO','SAP_UPD_GESTORI_SAP','NGI','0','2');
Insert into WP1_INSTANCE_PARAMETERS (NAME_PARAM,ID_TICKET,ID_JOB,VAL_PARAM,IS_MACRO,COUNTER) values ('$CODE_GEST_SAP$','ATTIVITA_POST_RESOCONTO','SAP_UPD_GESTORI_SAP','2000021297','0','2');
Insert into WP1_INSTANCE_PARAMETERS (NAME_PARAM,ID_TICKET,ID_JOB,VAL_PARAM,IS_MACRO,COUNTER) values ('$LIST_OGG_DI_FATRZ[3]$','WSN244172_4','SCONTISTICA_FATTURA','16','0','1');
Insert into WP1_INSTANCE_PARAMETERS (NAME_PARAM,ID_TICKET,ID_JOB,VAL_PARAM,IS_MACRO,COUNTER) values ('$CHECK_DATA_DRO$','WSN244172_5','SCONTISTICA_FATTURA','0','0','1');
Insert into WP1_INSTANCE_PARAMETERS (NAME_PARAM,ID_TICKET,ID_JOB,VAL_PARAM,IS_MACRO,COUNTER) values ('$CODE_ACCOUNT$','WSN244172_5','SCONTISTICA_FATTURA','3018','0','1');
Insert into WP1_INSTANCE_PARAMETERS (NAME_PARAM,ID_TICKET,ID_JOB,VAL_PARAM,IS_MACRO,COUNTER) values ('$CODE_TIPO_CAUS_VARIAZ$','WSN244172_5','SCONTISTICA_FATTURA','H3','0','1');
Insert into WP1_INSTANCE_PARAMETERS (NAME_PARAM,ID_TICKET,ID_JOB,VAL_PARAM,IS_MACRO,COUNTER) values ('$DATA_DA_MAX$','WSN244172_5','SCONTISTICA_FATTURA','31/12/2013','0','1');
Insert into WP1_INSTANCE_PARAMETERS (NAME_PARAM,ID_TICKET,ID_JOB,VAL_PARAM,IS_MACRO,COUNTER) values ('$DATA_DA_MIN$','WSN244172_5','SCONTISTICA_FATTURA','01/01/1900','0','1');
Insert into WP1_INSTANCE_PARAMETERS (NAME_PARAM,ID_TICKET,ID_JOB,VAL_PARAM,IS_MACRO,COUNTER) values ('$DATA_INIZIO_VALID$','WSN244172_5','SCONTISTICA_FATTURA',null,'0','1');
Insert into WP1_INSTANCE_PARAMETERS (NAME_PARAM,ID_TICKET,ID_JOB,VAL_PARAM,IS_MACRO,COUNTER) values ('$IMPORTO$','WSN244172_5','SCONTISTICA_FATTURA','0','0','1');
Insert into WP1_INSTANCE_PARAMETERS (NAME_PARAM,ID_TICKET,ID_JOB,VAL_PARAM,IS_MACRO,COUNTER) values ('$LIST_OGG_DI_FATRZ[0]$','WSN244172_5','SCONTISTICA_FATTURA','90','0','1');
Insert into WP1_INSTANCE_PARAMETERS (NAME_PARAM,ID_TICKET,ID_JOB,VAL_PARAM,IS_MACRO,COUNTER) values ('$LIST_CODE_PS[0]$','WSN244172_5','SCONTISTICA_FATTURA','205','0','1');
Insert into WP1_INSTANCE_PARAMETERS (NAME_PARAM,ID_TICKET,ID_JOB,VAL_PARAM,IS_MACRO,COUNTER) values ('$CHECK_DATA_DRO$','WSN266155','SCONTISTICA_FATTURA_X_CONTR','1','0','1');
Insert into WP1_INSTANCE_PARAMETERS (NAME_PARAM,ID_TICKET,ID_JOB,VAL_PARAM,IS_MACRO,COUNTER) values ('$CHECK_DATA_DRO$','EliminaDettOltre5Anni_NC_WLR','SCONTISTICA_NC_X_CONTR','0','0','1');
Insert into WP1_INSTANCE_PARAMETERS (NAME_PARAM,ID_TICKET,ID_JOB,VAL_PARAM,IS_MACRO,COUNTER) values ('$CODE_TIPO_CAUS_VARIAZ$','WSN266155','SCONTISTICA_FATTURA_X_CONTR','H3','0','1');
Insert into WP1_INSTANCE_PARAMETERS (NAME_PARAM,ID_TICKET,ID_JOB,VAL_PARAM,IS_MACRO,COUNTER) values ('$DATA_DA_MAX$','WSN266155','SCONTISTICA_FATTURA_X_CONTR','31/12/2014','0','1');
Insert into WP1_INSTANCE_PARAMETERS (NAME_PARAM,ID_TICKET,ID_JOB,VAL_PARAM,IS_MACRO,COUNTER) values ('$LIST_OGG_DI_FATRZ[1]$','WSN244172_5','SCONTISTICA_FATTURA','151','0','1');
Insert into WP1_INSTANCE_PARAMETERS (NAME_PARAM,ID_TICKET,ID_JOB,VAL_PARAM,IS_MACRO,COUNTER) values ('$DATA_DA_MIN$','WSN266155','SCONTISTICA_FATTURA_X_CONTR','01/07/2014','0','1');
Insert into WP1_INSTANCE_PARAMETERS (NAME_PARAM,ID_TICKET,ID_JOB,VAL_PARAM,IS_MACRO,COUNTER) values ('$DATA_INIZIO_VALID$','WSN266155','SCONTISTICA_FATTURA_X_CONTR',null,'0','1');
Insert into WP1_INSTANCE_PARAMETERS (NAME_PARAM,ID_TICKET,ID_JOB,VAL_PARAM,IS_MACRO,COUNTER) values ('$CHECK_DATA_DRO$','WSN244172_6','SCONTISTICA_FATTURA','0','0','1');
Insert into WP1_INSTANCE_PARAMETERS (NAME_PARAM,ID_TICKET,ID_JOB,VAL_PARAM,IS_MACRO,COUNTER) values ('$CODE_ACCOUNT$','WSN244172_6','SCONTISTICA_FATTURA','3168','0','1');
Insert into WP1_INSTANCE_PARAMETERS (NAME_PARAM,ID_TICKET,ID_JOB,VAL_PARAM,IS_MACRO,COUNTER) values ('$CODE_TIPO_CAUS_VARIAZ$','WSN244172_6','SCONTISTICA_FATTURA','H3','0','1');
Insert into WP1_INSTANCE_PARAMETERS (NAME_PARAM,ID_TICKET,ID_JOB,VAL_PARAM,IS_MACRO,COUNTER) values ('$DATA_DA_MAX$','WSN244172_6','SCONTISTICA_FATTURA','31/12/2013','0','1');
Insert into WP1_INSTANCE_PARAMETERS (NAME_PARAM,ID_TICKET,ID_JOB,VAL_PARAM,IS_MACRO,COUNTER) values ('$DATA_DA_MIN$','WSN244172_6','SCONTISTICA_FATTURA','01/01/1900','0','1');
Insert into WP1_INSTANCE_PARAMETERS (NAME_PARAM,ID_TICKET,ID_JOB,VAL_PARAM,IS_MACRO,COUNTER) values ('$DATA_INIZIO_VALID$','WSN244172_6','SCONTISTICA_FATTURA',null,'0','1');
Insert into WP1_INSTANCE_PARAMETERS (NAME_PARAM,ID_TICKET,ID_JOB,VAL_PARAM,IS_MACRO,COUNTER) values ('$IMPORTO$','WSN244172_6','SCONTISTICA_FATTURA','0','0','1');
Insert into WP1_INSTANCE_PARAMETERS (NAME_PARAM,ID_TICKET,ID_JOB,VAL_PARAM,IS_MACRO,COUNTER) values ('$LIST_OGG_DI_FATRZ[0]$','WSN244172_6','SCONTISTICA_FATTURA','90','0','1');
Insert into WP1_INSTANCE_PARAMETERS (NAME_PARAM,ID_TICKET,ID_JOB,VAL_PARAM,IS_MACRO,COUNTER) values ('$LIST_CODE_PS[0]$','WSN244172_6','SCONTISTICA_FATTURA','205','0','1');
Insert into WP1_INSTANCE_PARAMETERS (NAME_PARAM,ID_TICKET,ID_JOB,VAL_PARAM,IS_MACRO,COUNTER) values ('$LIST_OGG_DI_FATRZ[1]$','WSN244172_6','SCONTISTICA_FATTURA','151','0','1');
Insert into WP1_INSTANCE_PARAMETERS (NAME_PARAM,ID_TICKET,ID_JOB,VAL_PARAM,IS_MACRO,COUNTER) values ('$CHECK_DATA_DRO$','WSN244172_7','SCONTISTICA_FATTURA','0','0','1');
Insert into WP1_INSTANCE_PARAMETERS (NAME_PARAM,ID_TICKET,ID_JOB,VAL_PARAM,IS_MACRO,COUNTER) values ('$CODE_ACCOUNT$','WSN244172_7','SCONTISTICA_FATTURA','3158','0','1');
Insert into WP1_INSTANCE_PARAMETERS (NAME_PARAM,ID_TICKET,ID_JOB,VAL_PARAM,IS_MACRO,COUNTER) values ('$CODE_TIPO_CAUS_VARIAZ$','WSN244172_7','SCONTISTICA_FATTURA','H3','0','1');
Insert into WP1_INSTANCE_PARAMETERS (NAME_PARAM,ID_TICKET,ID_JOB,VAL_PARAM,IS_MACRO,COUNTER) values ('$DATA_DA_MAX$','WSN244172_7','SCONTISTICA_FATTURA','31/12/2013','0','1');
Insert into WP1_INSTANCE_PARAMETERS (NAME_PARAM,ID_TICKET,ID_JOB,VAL_PARAM,IS_MACRO,COUNTER) values ('$DATA_DA_MIN$','WSN244172_7','SCONTISTICA_FATTURA','01/01/1900','0','1');
Insert into WP1_INSTANCE_PARAMETERS (NAME_PARAM,ID_TICKET,ID_JOB,VAL_PARAM,IS_MACRO,COUNTER) values ('$DATA_INIZIO_VALID$','WSN244172_7','SCONTISTICA_FATTURA',null,'0','1');
Insert into WP1_INSTANCE_PARAMETERS (NAME_PARAM,ID_TICKET,ID_JOB,VAL_PARAM,IS_MACRO,COUNTER) values ('$IMPORTO$','WSN244172_7','SCONTISTICA_FATTURA','0','0','1');
Insert into WP1_INSTANCE_PARAMETERS (NAME_PARAM,ID_TICKET,ID_JOB,VAL_PARAM,IS_MACRO,COUNTER) values ('$LIST_OGG_DI_FATRZ[0]$','WSN244172_7','SCONTISTICA_FATTURA','90','0','1');
Insert into WP1_INSTANCE_PARAMETERS (NAME_PARAM,ID_TICKET,ID_JOB,VAL_PARAM,IS_MACRO,COUNTER) values ('$LIST_CODE_PS[0]$','WSN244172_7','SCONTISTICA_FATTURA','205','0','1');
Insert into WP1_INSTANCE_PARAMETERS (NAME_PARAM,ID_TICKET,ID_JOB,VAL_PARAM,IS_MACRO,COUNTER) values ('$LIST_OGG_DI_FATRZ[1]$','WSN244172_7','SCONTISTICA_FATTURA','151','0','1');
Insert into WP1_INSTANCE_PARAMETERS (NAME_PARAM,ID_TICKET,ID_JOB,VAL_PARAM,IS_MACRO,COUNTER) values ('$IMPORTO$','WSN266155','SCONTISTICA_FATTURA_X_CONTR','0','0','1');
Insert into WP1_INSTANCE_PARAMETERS (NAME_PARAM,ID_TICKET,ID_JOB,VAL_PARAM,IS_MACRO,COUNTER) values ('$LIST_OGG_DI_FATRZ[0]$','WSN266155','SCONTISTICA_FATTURA_X_CONTR','131','0','1');
Insert into WP1_INSTANCE_PARAMETERS (NAME_PARAM,ID_TICKET,ID_JOB,VAL_PARAM,IS_MACRO,COUNTER) values ('$LIST_CODE_PS[0]$','WSN266155','SCONTISTICA_FATTURA_X_CONTR','311','0','1');
Insert into WP1_INSTANCE_PARAMETERS (NAME_PARAM,ID_TICKET,ID_JOB,VAL_PARAM,IS_MACRO,COUNTER) values ('$LIST_CODE_PS[1]$','WSN266155','SCONTISTICA_FATTURA_X_CONTR','312','0','1');
Insert into WP1_INSTANCE_PARAMETERS (NAME_PARAM,ID_TICKET,ID_JOB,VAL_PARAM,IS_MACRO,COUNTER) values ('$LIST_CODE_PS[2]$','WSN266155','SCONTISTICA_FATTURA_X_CONTR','313','0','1');
Insert into WP1_INSTANCE_PARAMETERS (NAME_PARAM,ID_TICKET,ID_JOB,VAL_PARAM,IS_MACRO,COUNTER) values ('$LIST_CODE_PS[3]$','WSN266155','SCONTISTICA_FATTURA_X_CONTR','314','0','1');
Insert into WP1_INSTANCE_PARAMETERS (NAME_PARAM,ID_TICKET,ID_JOB,VAL_PARAM,IS_MACRO,COUNTER) values ('$LIST_CODE_PS[4]$','WSN266155','SCONTISTICA_FATTURA_X_CONTR','315','0','1');
Insert into WP1_INSTANCE_PARAMETERS (NAME_PARAM,ID_TICKET,ID_JOB,VAL_PARAM,IS_MACRO,COUNTER) values ('$LIST_OGG_DI_FATRZ[1]$','WSN266155','SCONTISTICA_FATTURA_X_CONTR','173','0','1');
Insert into WP1_INSTANCE_PARAMETERS (NAME_PARAM,ID_TICKET,ID_JOB,VAL_PARAM,IS_MACRO,COUNTER) values ('$LIST_CAUSALI[0]$','WSN266155','SCONTISTICA_FATTURA_X_CONTR','1','0','1');
Insert into WP1_INSTANCE_PARAMETERS (NAME_PARAM,ID_TICKET,ID_JOB,VAL_PARAM,IS_MACRO,COUNTER) values ('$LIST_CAUSALI[1]$','WSN266155','SCONTISTICA_FATTURA_X_CONTR','LI','0','1');
Insert into WP1_INSTANCE_PARAMETERS (NAME_PARAM,ID_TICKET,ID_JOB,VAL_PARAM,IS_MACRO,COUNTER) values ('$LIST_CODE_PS[5]$','WSN266155','SCONTISTICA_FATTURA_X_CONTR','316','0','1');
Insert into WP1_INSTANCE_PARAMETERS (NAME_PARAM,ID_TICKET,ID_JOB,VAL_PARAM,IS_MACRO,COUNTER) values ('$LIST_CODE_PS[6]$','WSN266155','SCONTISTICA_FATTURA_X_CONTR','317','0','1');
Insert into WP1_INSTANCE_PARAMETERS (NAME_PARAM,ID_TICKET,ID_JOB,VAL_PARAM,IS_MACRO,COUNTER) values ('$LIST_CODE_PS[7]$','WSN266155','SCONTISTICA_FATTURA_X_CONTR','318','0','1');
Insert into WP1_INSTANCE_PARAMETERS (NAME_PARAM,ID_TICKET,ID_JOB,VAL_PARAM,IS_MACRO,COUNTER) values ('$LIST_CODE_PS[8]$','WSN266155','SCONTISTICA_FATTURA_X_CONTR','321','0','1');
Insert into WP1_INSTANCE_PARAMETERS (NAME_PARAM,ID_TICKET,ID_JOB,VAL_PARAM,IS_MACRO,COUNTER) values ('$LIST_CODE_PS[9]$','WSN266155','SCONTISTICA_FATTURA_X_CONTR','322','0','1');
Insert into WP1_INSTANCE_PARAMETERS (NAME_PARAM,ID_TICKET,ID_JOB,VAL_PARAM,IS_MACRO,COUNTER) values ('$CHECK_DATA_DRO$','EliminaDettOltre5Anni_FT_WLR','SCONTISTICA_FATTURA_X_CONTR','0','0','1');
Insert into WP1_INSTANCE_PARAMETERS (NAME_PARAM,ID_TICKET,ID_JOB,VAL_PARAM,IS_MACRO,COUNTER) values ('$CODE_TIPO_CAUS_VARIAZ$','EliminaDettOltre5Anni_FT_WLR','SCONTISTICA_FATTURA_X_CONTR','H3','0','1');
Insert into WP1_INSTANCE_PARAMETERS (NAME_PARAM,ID_TICKET,ID_JOB,VAL_PARAM,IS_MACRO,COUNTER) values ('$DATA_DA_MAX$','EliminaDettOltre5Anni_FT_WLR','SCONTISTICA_FATTURA_X_CONTR','$DATA_INIZIO_CICLO_-5Y$','0','1');
Insert into WP1_INSTANCE_PARAMETERS (NAME_PARAM,ID_TICKET,ID_JOB,VAL_PARAM,IS_MACRO,COUNTER) values ('$DATA_DA_MIN$','EliminaDettOltre5Anni_FT_WLR','SCONTISTICA_FATTURA_X_CONTR','01/01/1900','0','1');
Insert into WP1_INSTANCE_PARAMETERS (NAME_PARAM,ID_TICKET,ID_JOB,VAL_PARAM,IS_MACRO,COUNTER) values ('$DATA_INIZIO_VALID$','EliminaDettOltre5Anni_FT_WLR','SCONTISTICA_FATTURA_X_CONTR',null,'0','1');
Insert into WP1_INSTANCE_PARAMETERS (NAME_PARAM,ID_TICKET,ID_JOB,VAL_PARAM,IS_MACRO,COUNTER) values ('$IMPORTO$','EliminaDettOltre5Anni_FT_WLR','SCONTISTICA_FATTURA_X_CONTR','0','0','1');
Insert into WP1_INSTANCE_PARAMETERS (NAME_PARAM,ID_TICKET,ID_JOB,VAL_PARAM,IS_MACRO,COUNTER) values ('$CODE_TIPO_CAUS_VARIAZ$','EliminaDettOltre5Anni_NC_WLR','SCONTISTICA_NC_X_CONTR','H3','0','1');
Insert into WP1_INSTANCE_PARAMETERS (NAME_PARAM,ID_TICKET,ID_JOB,VAL_PARAM,IS_MACRO,COUNTER) values ('$DATA_DA_MAX$','EliminaDettOltre5Anni_NC_WLR','SCONTISTICA_NC_X_CONTR','$DATA_INIZIO_CICLO_-5Y$','0','1');
Insert into WP1_INSTANCE_PARAMETERS (NAME_PARAM,ID_TICKET,ID_JOB,VAL_PARAM,IS_MACRO,COUNTER) values ('$DATA_DA_MIN$','EliminaDettOltre5Anni_NC_WLR','SCONTISTICA_NC_X_CONTR','01/01/1900','0','1');
Insert into WP1_INSTANCE_PARAMETERS (NAME_PARAM,ID_TICKET,ID_JOB,VAL_PARAM,IS_MACRO,COUNTER) values ('$DATA_INIZIO_VALID$','EliminaDettOltre5Anni_NC_WLR','SCONTISTICA_NC_X_CONTR',null,'0','1');
Insert into WP1_INSTANCE_PARAMETERS (NAME_PARAM,ID_TICKET,ID_JOB,VAL_PARAM,IS_MACRO,COUNTER) values ('$IMPORTO$','EliminaDettOltre5Anni_NC_WLR','SCONTISTICA_NC_X_CONTR','0','0','1');
Insert into WP1_INSTANCE_PARAMETERS (NAME_PARAM,ID_TICKET,ID_JOB,VAL_PARAM,IS_MACRO,COUNTER) values ('$CHECK_DATA_DRO$','eliminaNoteCredWind_2','SCONTISTICA_NC','0','0','1');
Insert into WP1_INSTANCE_PARAMETERS (NAME_PARAM,ID_TICKET,ID_JOB,VAL_PARAM,IS_MACRO,COUNTER) values ('$CODE_ACCOUNT$','eliminaNoteCredWind_2','SCONTISTICA_NC','3135','0','1');
Insert into WP1_INSTANCE_PARAMETERS (NAME_PARAM,ID_TICKET,ID_JOB,VAL_PARAM,IS_MACRO,COUNTER) values ('$CODE_TIPO_CAUS_VARIAZ$','eliminaNoteCredWind_2','SCONTISTICA_NC','H3','0','1');
Insert into WP1_INSTANCE_PARAMETERS (NAME_PARAM,ID_TICKET,ID_JOB,VAL_PARAM,IS_MACRO,COUNTER) values ('$DATA_DA_MAX$','eliminaNoteCredWind_2','SCONTISTICA_NC','31/12/2011','0','1');
Insert into WP1_INSTANCE_PARAMETERS (NAME_PARAM,ID_TICKET,ID_JOB,VAL_PARAM,IS_MACRO,COUNTER) values ('$DATA_DA_MIN$','eliminaNoteCredWind_2','SCONTISTICA_NC','01/01/1900','0','1');
Insert into WP1_INSTANCE_PARAMETERS (NAME_PARAM,ID_TICKET,ID_JOB,VAL_PARAM,IS_MACRO,COUNTER) values ('$DATA_INIZIO_VALID$','eliminaNoteCredWind_2','SCONTISTICA_NC',null,'0','1');
Insert into WP1_INSTANCE_PARAMETERS (NAME_PARAM,ID_TICKET,ID_JOB,VAL_PARAM,IS_MACRO,COUNTER) values ('$IMPORTO$','eliminaNoteCredWind_2','SCONTISTICA_NC','0','0','1');
REM INSERTING into WP1_JOB
SET DEFINE OFF;
Insert into WP1_JOB (ID_JOB,DESCRIZIONE,ACTIVE,JOB_TYPE,CODE_TIPO_CONTR,MASTERTABLE) values ('ANALISI_TREND','Analisi Trend','1','TREND',null,'I5_1ACCOUNT');
Insert into WP1_JOB (ID_JOB,DESCRIZIONE,ACTIVE,JOB_TYPE,CODE_TIPO_CONTR,MASTERTABLE) values ('JOB_OL_TO_VAL_OPERATORI_CES1','REG - Chiusura scarti relativi agli OL da non valorizzare relativi agli operatori cessati.','1','PREVAL',null,'I5_5SCARTI_VALORIZZAZIONE');
Insert into WP1_JOB (ID_JOB,DESCRIZIONE,ACTIVE,JOB_TYPE,CODE_TIPO_CONTR,MASTERTABLE) values ('JOB_OL_TO_VAL_OPERATORI_CES2','REG - Accantonamento degli OL da non valorizzare relativi agli operatori cessati.','1','PREVAL',null,'I5_5ITRF_FAT');
Insert into WP1_JOB (ID_JOB,DESCRIZIONE,ACTIVE,JOB_TYPE,CODE_TIPO_CONTR,MASTERTABLE) values ('JOB_OL_TO_VAL_OPERATORI_CES3','XDSL - Chiusura scarti relativi agli OL da non valorizzare relativi agli operatori cessati.','1','PREVAL',null,'I5_5SCARTI_VALORIZZAZIONE');
Insert into WP1_JOB (ID_JOB,DESCRIZIONE,ACTIVE,JOB_TYPE,CODE_TIPO_CONTR,MASTERTABLE) values ('JOB_OL_TO_VAL_OPERATORI_CES4','XDSL -  Accantonamento degli OL da non valorizzare relativi agli operatori cessati.','1','PREVAL',null,'I5_5ITRF_FAT_XDSL');
Insert into WP1_JOB (ID_JOB,DESCRIZIONE,ACTIVE,JOB_TYPE,CODE_TIPO_CONTR,MASTERTABLE) values ('JOB_OL_TO_VAL_OPERATORI_CES5','NPCPS - Chiusura scarti relativi agli OL da non valorizzare relativi agli operatori cessati.','1','PREVAL',null,'I5_5SCARTI_VALORIZZAZIONE');
Insert into WP1_JOB (ID_JOB,DESCRIZIONE,ACTIVE,JOB_TYPE,CODE_TIPO_CONTR,MASTERTABLE) values ('JOB_OL_TO_VAL_OPERATORI_CES6','NPCPS-  Accantonamento degli OL da non valorizzare relativi agli operatori cessati.','1','PREVAL',null,'I5_4ITRF_FAT_NP_CPS');
Insert into WP1_JOB (ID_JOB,DESCRIZIONE,ACTIVE,JOB_TYPE,CODE_TIPO_CONTR,MASTERTABLE) values ('JOB_DATA_TEST_GT_DATA_ACQ1','REG - Aggiornamento del campo data_acq_chius_per gli OL che hanno la data_dest > data_acq_chius.','1','PREVAL',null,'I5_5ITRF_FAT');
Insert into WP1_JOB (ID_JOB,DESCRIZIONE,ACTIVE,JOB_TYPE,CODE_TIPO_CONTR,MASTERTABLE) values ('JOB_DATA_TEST_GT_DATA_ACQ2','XDSL - Aggiornamento del campo data_acq_chius_per gli OL che hanno la data_dest > data_acq_chius.','1','PREVAL',null,'I5_5ITRF_FAT_XDSL');
Insert into WP1_JOB (ID_JOB,DESCRIZIONE,ACTIVE,JOB_TYPE,CODE_TIPO_CONTR,MASTERTABLE) values ('JOB_DATA_TEST_GT_DATA_ACQ3','NPCPS - Aggiornamento del campo data_acq_chius_per gli OL che hanno la data_dest > data_acq_chius.','1','PREVAL',null,'I5_4ITRF_FAT_NP_CPS');
Insert into WP1_JOB (ID_JOB,DESCRIZIONE,ACTIVE,JOB_TYPE,CODE_TIPO_CONTR,MASTERTABLE) values ('JOB_COD_CAUS_ULL','REG - Aggiornamento dei campi code_caus_ull e code_tipo_caus per gli OL del servizio Ull.','1','PREVAL','9','I5_5ITRF_FAT');
Insert into WP1_JOB (ID_JOB,DESCRIZIONE,ACTIVE,JOB_TYPE,CODE_TIPO_CONTR,MASTERTABLE) values ('JOB_TIPO_FLAG_ACQ_OL_READY2','REG - Aggiornamento del campo tipo_flag_acq_rich  per gli OL pronti ad essere valorizzati','1','PREVAL',null,'I5_5ITRF_FAT');
Insert into WP1_JOB (ID_JOB,DESCRIZIONE,ACTIVE,JOB_TYPE,CODE_TIPO_CONTR,MASTERTABLE) values ('JOB_TIPO_FLAG_ACQ_OL_READY3','XDSL - Aggiornamento del campo tipo_flag_acq_rich  per gli OL pronti ad essere valorizzati','1','PREVAL',null,'I5_5ITRF_FAT_XDSL');
Insert into WP1_JOB (ID_JOB,DESCRIZIONE,ACTIVE,JOB_TYPE,CODE_TIPO_CONTR,MASTERTABLE) values ('JOB_REPLACE_SINGLE_QUOTE','XDSL - Sostituzione del singolo apice nel campo code_ol della tabella i5_5itrf_fat_xdsl.','1','PREVAL',null,'I5_5ITRF_FAT_XDSL');
Insert into WP1_JOB (ID_JOB,DESCRIZIONE,ACTIVE,JOB_TYPE,CODE_TIPO_CONTR,MASTERTABLE) values ('JOB_DATA_ACQ_CHIUS_OL_WARN1','NPCPS - Aggiornamento del campo data_acq_chius degli OL in WARNING','1','PREVAL',null,'I5_4ITRF_FAT_NP_CPS');
Insert into WP1_JOB (ID_JOB,DESCRIZIONE,ACTIVE,JOB_TYPE,CODE_TIPO_CONTR,MASTERTABLE) values ('JOB_DATA_ACQ_CHIUS_OL_WARN2','REG - Aggiornamento del campo data_acq_chius degli OL in WARNING','1','PREVAL',null,'I5_5ITRF_FAT');
Insert into WP1_JOB (ID_JOB,DESCRIZIONE,ACTIVE,JOB_TYPE,CODE_TIPO_CONTR,MASTERTABLE) values ('JOB_DATA_ACQ_CHIUS_OL_WARN3','XDSL - Aggiornamento del campo data_acq_chius degli OL in WARNING','1','PREVAL',null,'I5_5ITRF_FAT_XDSL');
Insert into WP1_JOB (ID_JOB,DESCRIZIONE,ACTIVE,JOB_TYPE,CODE_TIPO_CONTR,MASTERTABLE) values ('JOB_TIPO_FLAG_ACQ_OL_READY1','NPCPS - Aggiornamento del campo tipo_flag_acq_rich  per gli OL pronti ad essere valorizzati','1','PREVAL',null,'I5_4ITRF_FAT_NP_CPS');
Insert into WP1_JOB (ID_JOB,DESCRIZIONE,ACTIVE,JOB_TYPE,CODE_TIPO_CONTR,MASTERTABLE) values ('JOB_DATA_DRO_GT_DATA_TEST1','REG - Aggiornamento del campo data_dro_per gli OL che hanno la data_dro > data_dest.','1','PREVAL',null,'I5_5ITRF_FAT');
Insert into WP1_JOB (ID_JOB,DESCRIZIONE,ACTIVE,JOB_TYPE,CODE_TIPO_CONTR,MASTERTABLE) values ('JOB_DATA_DRO_GT_DATA_TEST2','XDSL - Aggiornamento del campo data_dro_per gli OL che hanno la data_dro > data_dest.','1','PREVAL',null,'I5_5ITRF_FAT_XDSL');
Insert into WP1_JOB (ID_JOB,DESCRIZIONE,ACTIVE,JOB_TYPE,CODE_TIPO_CONTR,MASTERTABLE) values ('JOB_DATA_DRO_GT_DATA_TEST3','NPCPS - Aggiornamento del campo data_dro_per gli OL che hanno la data_dro > data_dest.','1','PREVAL',null,'I5_4ITRF_FAT_NP_CPS');
Insert into WP1_JOB (ID_JOB,DESCRIZIONE,ACTIVE,JOB_TYPE,CODE_TIPO_CONTR,MASTERTABLE) values ('JOB_OL_DOPPI_SERV_REGOL_OWLR','REG - Accantonamento degli OL da non valorizzare relativi agli operatori cessati.Servizio WLR con causali W1 e W2','1','PREVAL','41','I5_5ITRF_FAT');
Insert into WP1_JOB (ID_JOB,DESCRIZIONE,ACTIVE,JOB_TYPE,CODE_TIPO_CONTR,MASTERTABLE) values ('JOB_OL_DOPPI_NP_CPS','NPCPS - Accantonamento degli OL doppi per i servizi Np e Cps.','1','PREVAL',null,'I5_4ITRF_FAT_NP_CPS');
Insert into WP1_JOB (ID_JOB,DESCRIZIONE,ACTIVE,JOB_TYPE,CODE_TIPO_CONTR,MASTERTABLE) values ('JOB_OL_DOPPI_SERV_REGOL_NWLR','REG - Accantonamento degli OL da non valorizzare relativi agli operatori cessati.Tutti i servizi tranne il WLR con le causali W1 e W2','1','PREVAL',null,'I5_5ITRF_FAT');
Insert into WP1_JOB (ID_JOB,DESCRIZIONE,ACTIVE,JOB_TYPE,CODE_TIPO_CONTR,MASTERTABLE) values ('JOB_OL_DOPPI_NP_XDSL','XDSL - Accantonamento degli OL doppi per i servizi Xdsl.','1','PREVAL',null,'I5_5ITRF_FAT_XDSL');
Insert into WP1_JOB (ID_JOB,DESCRIZIONE,ACTIVE,JOB_TYPE,CODE_TIPO_CONTR,MASTERTABLE) values ('JOB_COND_ACCANT_OL_BSTREAM_ATM','XDSL - Accantonamento degli OL Bitstream Atm che hanno id_accesso a null.','1','PREVAL','42','I5_5ITRF_FAT_XDSL');
Insert into WP1_JOB (ID_JOB,DESCRIZIONE,ACTIVE,JOB_TYPE,CODE_TIPO_CONTR,MASTERTABLE) values ('JOB_OL_CESS_SERV_NP','NPCPS - Accantonamento degli OL di cessazione del servizio Np','1','PREVAL','7','I5_4ITRF_FAT_NP_CPS');
Insert into WP1_JOB (ID_JOB,DESCRIZIONE,ACTIVE,JOB_TYPE,CODE_TIPO_CONTR,MASTERTABLE) values ('JOB_OL_CESS_SERV_NP_WLR','NPCPS - Accantonamento degli OL del servizio Np che sono da valorizzare anche per il Wlr.','1','PREVAL','7','I5_4ITRF_FAT_NP_CPS');
Insert into WP1_JOB (ID_JOB,DESCRIZIONE,ACTIVE,JOB_TYPE,CODE_TIPO_CONTR,MASTERTABLE) values ('JOB_COD_CAUS_ULL_CESS_ULL','REG - Aggiornamento del campo code_caus_ull per gli OL di cessazione del servizio Ull.','1','PREVAL','9','I5_5ITRF_FAT');
Insert into WP1_JOB (ID_JOB,DESCRIZIONE,ACTIVE,JOB_TYPE,CODE_TIPO_CONTR,MASTERTABLE) values ('JOB_COD_STATO_ULL_CESS_REG','REG - Aggiornamento del campo code_stato_ps_ull per gli OL di cessazione dei servizi regolamentati. ','1','PREVAL',null,'I5_5ITRF_FAT');
Insert into WP1_JOB (ID_JOB,DESCRIZIONE,ACTIVE,JOB_TYPE,CODE_TIPO_CONTR,MASTERTABLE) values ('JOB_CODPROGCESS_WIN1106WLR','REG - Aggiornamento del campo codice_progetto sugli OL di cessazione del servizio Wlr su risorse attivate con il campo codice_progetto uguale a WIN1106WLR','1','PREVAL','41','I5_5ITRF_FAT');
Insert into WP1_JOB (ID_JOB,DESCRIZIONE,ACTIVE,JOB_TYPE,CODE_TIPO_CONTR,MASTERTABLE) values ('JOB_EASYIP_SP_OP_NO_LIST','XDSL - Posticipazione degli OL del servizio BS EasyIp Special Profile appartenenti ad operatori senza listino personalizzato.','1','PREVAL','48','I5_5ITRF_FAT_XDSL');
Insert into WP1_JOB (ID_JOB,DESCRIZIONE,ACTIVE,JOB_TYPE,CODE_TIPO_CONTR,MASTERTABLE) values ('JOB_ALLIN_DATA_ACQ_REG','REG - Allineamento della data_acq_chius degli OL aventi più ordini da valorizzare per i servizi regolamentati','1','PREVAL',null,'I5_5ITRF_FAT');
Insert into WP1_JOB (ID_JOB,DESCRIZIONE,ACTIVE,JOB_TYPE,CODE_TIPO_CONTR,MASTERTABLE) values ('JOB_ALLIN_DATA_ACQ_XDSL','XDSL - Allineamento della data_acq_chius degli OL aventi più ordini da valorizzare per i servizi xdsl.','1','PREVAL',null,'I5_5ITRF_FAT_XDSL');
Insert into WP1_JOB (ID_JOB,DESCRIZIONE,ACTIVE,JOB_TYPE,CODE_TIPO_CONTR,MASTERTABLE) values ('JOB_EASYIP_SP_OP_NON_MIGR','XDSL - Posticipazione degli OL del servizio BS EasyIp Special Profile appartenenti ad operatori non migrati o da verificare.','1','PREVAL','48','I5_5ITRF_FAT_XDSL');
Insert into WP1_JOB (ID_JOB,DESCRIZIONE,ACTIVE,JOB_TYPE,CODE_TIPO_CONTR,MASTERTABLE) values ('ALLINEA_ACONET','Per una problema sul Crm sugli accessi non viene passato il valore del mcr. La procedura recupera questa informazione dai Vc legati all''accesso.','1','POSTVAL','48','I5_1INVENT_PS_XDSL');
Insert into WP1_JOB (ID_JOB,DESCRIZIONE,ACTIVE,JOB_TYPE,CODE_TIPO_CONTR,MASTERTABLE) values ('SCONTISTICA_FATTURA_X_CONTR','Aggiornamento dei campi importo e codice variazione delle righe di dettaglio fattura x tutti gli account del servizio.Aggiornamento relativa testata e storicizzazione','1','POSTVAL',null,'I5_2DETT_DOCUM_FATT_XDSL');
Insert into WP1_JOB (ID_JOB,DESCRIZIONE,ACTIVE,JOB_TYPE,CODE_TIPO_CONTR,MASTERTABLE) values ('SCONTISTICA_NC_X_CONTR','Aggiornamento dei campi importo e codice variazione delle righe di dettaglio nota credito x tutti gli account del servizio. Aggiornamento relativa testata e storicizzazione','1','POSTVAL',null,'I5_2DETT_DOCUM_NOTA_CRED_XDSL');
Insert into WP1_JOB (ID_JOB,DESCRIZIONE,ACTIVE,JOB_TYPE,CODE_TIPO_CONTR,MASTERTABLE) values ('CAMBIO_CICLO','Cambio ciclo automatico per nuovi operatori','1','PREVAL',null,'I5_2PARAM_VALORIZ_SP');
Insert into WP1_JOB (ID_JOB,DESCRIZIONE,ACTIVE,JOB_TYPE,CODE_TIPO_CONTR,MASTERTABLE) values ('SCONTISTICA_FATTURA','Aggiornamento dei campi importo e codice variazione delle righe di dettaglio fattura.Aggiornamento relativa testata e storicizzazione','1','POSTVAL',null,'I5_2DETT_DOCUM_FATT_XDSL');
Insert into WP1_JOB (ID_JOB,DESCRIZIONE,ACTIVE,JOB_TYPE,CODE_TIPO_CONTR,MASTERTABLE) values ('SCONTISTICA_NC','Aggiornamento dei campi importo e codice variazione delle righe di dettaglio nota credito. Aggiornamento relativa testata e storicizzazione','1','POSTVAL',null,'I5_2DETT_DOCUM_NOTA_CRED_XDSL');
Insert into WP1_JOB (ID_JOB,DESCRIZIONE,ACTIVE,JOB_TYPE,CODE_TIPO_CONTR,MASTERTABLE) values ('SAP_MARK_SETTORE_MERC','Job che modifica il settore merceologico e il CODICE SAP per un determinato CODICE_SAP impostato da parametro.','1','SAP',null,'I5_2TEST_CSV_SAP_XDSL');
Insert into WP1_JOB (ID_JOB,DESCRIZIONE,ACTIVE,JOB_TYPE,CODE_TIPO_CONTR,MASTERTABLE) values ('SAP_BACKUP','Effettua il backup di testata e dettagli SAP','1','SAP',null,'I5_2TEST_CSV_SAP_XDSL');
Insert into WP1_JOB (ID_JOB,DESCRIZIONE,ACTIVE,JOB_TYPE,CODE_TIPO_CONTR,MASTERTABLE) values ('SAP_DEL_NOTE_DI_CREDITO','Job che elimina il dettaglio di alcune note di credito sap in base a CODE_TIPO_ORD, una lista di codici tipi contr e una lista di aliquota','1','SAP',null,'I5_2TEST_CSV_SAP_XDSL');
Insert into WP1_JOB (ID_JOB,DESCRIZIONE,ACTIVE,JOB_TYPE,CODE_TIPO_CONTR,MASTERTABLE) values ('SAP_DEL_TESTATE_VUOTE','Job che elimina la testata note di credito sap che non hanno piu dettagli','1','SAP',null,'I5_2TEST_CSV_SAP_XDSL');
Insert into WP1_JOB (ID_JOB,DESCRIZIONE,ACTIVE,JOB_TYPE,CODE_TIPO_CONTR,MASTERTABLE) values ('SAP_ACCORPA_GESTORI','Job che lancia la funzionalità accorpa gestori','1','SAP',null,'I5_2TEST_CSV_SAP_XDSL');
Insert into WP1_JOB (ID_JOB,DESCRIZIONE,ACTIVE,JOB_TYPE,CODE_TIPO_CONTR,MASTERTABLE) values ('SAP_DEL_TESTATE','Eliminazione di alcune testate specifiche da SAP.','1','SAP',null,'I5_2TEST_CSV_SAP_XDSL');
Insert into WP1_JOB (ID_JOB,DESCRIZIONE,ACTIVE,JOB_TYPE,CODE_TIPO_CONTR,MASTERTABLE) values ('SAP_UPD_GESTORI_SAP','Job che aggiorna il campo gestore sap','1','SAP',null,'I5_3GEST_SAP_SP');
REM INSERTING into WP1_JOB_CONDITION
SET DEFINE OFF;
Insert into WP1_JOB_CONDITION (ID_JOB,ID_CONDITION,OPTIONAL) values ('ALLINEA_ACONET','SELECT_CRM_ACONET','0');
Insert into WP1_JOB_CONDITION (ID_JOB,ID_CONDITION,OPTIONAL) values ('ANALISI_TREND','SELECT_ACCOUNT_IN_FATT','0');
Insert into WP1_JOB_CONDITION (ID_JOB,ID_CONDITION,OPTIONAL) values ('JOB_DATA_TEST_GT_DATA_ACQ1','PRV_CND_5TRF_FT_NP_TP_FL_AQ_IN','0');
Insert into WP1_JOB_CONDITION (ID_JOB,ID_CONDITION,OPTIONAL) values ('JOB_DATA_TEST_GT_DATA_ACQ1','PRV-CN-5ITRF-CODE_COTR-TABLE','0');
Insert into WP1_JOB_CONDITION (ID_JOB,ID_CONDITION,OPTIONAL) values ('JOB_DATA_TEST_GT_DATA_ACQ1','PRV-CN-CODE_TIPO_CNTR_EQ','0');
Insert into WP1_JOB_CONDITION (ID_JOB,ID_CONDITION,OPTIONAL) values ('JOB_DATA_TEST_GT_DATA_ACQ1','PRV-CN-FLAG_SYS_EQ','0');
Insert into WP1_JOB_CONDITION (ID_JOB,ID_CONDITION,OPTIONAL) values ('JOB_DATA_TEST_GT_DATA_ACQ1','PRV_CND_5TRF_FT_DATA_DST_GT','0');
Insert into WP1_JOB_CONDITION (ID_JOB,ID_CONDITION,OPTIONAL) values ('JOB_DATA_TEST_GT_DATA_ACQ2','PRV-CN-5ITRX-TP_FL_ACQ_RH-IN','0');
Insert into WP1_JOB_CONDITION (ID_JOB,ID_CONDITION,OPTIONAL) values ('JOB_DATA_TEST_GT_DATA_ACQ2','PRV-CN-5ITRX-CODE_COTR-TABLE','0');
Insert into WP1_JOB_CONDITION (ID_JOB,ID_CONDITION,OPTIONAL) values ('JOB_DATA_TEST_GT_DATA_ACQ2','PRV-CN-CODE_TIPO_CNTR_EQ','0');
Insert into WP1_JOB_CONDITION (ID_JOB,ID_CONDITION,OPTIONAL) values ('JOB_DATA_TEST_GT_DATA_ACQ2','PRV-CN-FLAG_SYS_EQ','0');
Insert into WP1_JOB_CONDITION (ID_JOB,ID_CONDITION,OPTIONAL) values ('JOB_DATA_TEST_GT_DATA_ACQ2','PRV_CND_5TRF_FTX_DTA_DST_GT','0');
Insert into WP1_JOB_CONDITION (ID_JOB,ID_CONDITION,OPTIONAL) values ('JOB_DATA_TEST_GT_DATA_ACQ3','PRV_CND_4TRF_FT_NP_TP_FL_AQ_IN','0');
Insert into WP1_JOB_CONDITION (ID_JOB,ID_CONDITION,OPTIONAL) values ('JOB_DATA_TEST_GT_DATA_ACQ3','PRV-CN-4ITRF-CODE_COTR-TABLE','0');
Insert into WP1_JOB_CONDITION (ID_JOB,ID_CONDITION,OPTIONAL) values ('JOB_DATA_TEST_GT_DATA_ACQ3','PRV-CN-CODE_TIPO_CNTR_EQ','0');
Insert into WP1_JOB_CONDITION (ID_JOB,ID_CONDITION,OPTIONAL) values ('JOB_DATA_TEST_GT_DATA_ACQ3','PRV-CN-FLAG_SYS_EQ','0');
Insert into WP1_JOB_CONDITION (ID_JOB,ID_CONDITION,OPTIONAL) values ('JOB_DATA_TEST_GT_DATA_ACQ3','PRV_CND_4TRF_FT_NP_DATA_DST_GT','0');
Insert into WP1_JOB_CONDITION (ID_JOB,ID_CONDITION,OPTIONAL) values ('JOB_DATA_TEST_GT_DATA_ACQ3','PRV_CND_4TRF_FT_NP_CDE_PS_FAT','0');
Insert into WP1_JOB_CONDITION (ID_JOB,ID_CONDITION,OPTIONAL) values ('JOB_COD_CAUS_ULL','PRV-OPR-5ITRF_FT_CD-CAU_ULL_9','0');
Insert into WP1_JOB_CONDITION (ID_JOB,ID_CONDITION,OPTIONAL) values ('JOB_COD_CAUS_ULL','PRV-CN-5ITRF-CODE_COTR-TABLE','0');
Insert into WP1_JOB_CONDITION (ID_JOB,ID_CONDITION,OPTIONAL) values ('JOB_COD_CAUS_ULL','PRV-CN-CODE_TIPO_CNTR_EQ','0');
Insert into WP1_JOB_CONDITION (ID_JOB,ID_CONDITION,OPTIONAL) values ('JOB_COD_CAUS_ULL','PRV-CN-FLAG_SYS_EQ','0');
Insert into WP1_JOB_CONDITION (ID_JOB,ID_CONDITION,OPTIONAL) values ('JOB_COD_CAUS_ULL','PRV_CND_5ITRF_FT_CD_ST_PS_U_E1','0');
Insert into WP1_JOB_CONDITION (ID_JOB,ID_CONDITION,OPTIONAL) values ('JOB_COD_CAUS_ULL','PRV_CND_5TRF_FT_NP_TP_FL_AQ_IN','0');
Insert into WP1_JOB_CONDITION (ID_JOB,ID_CONDITION,OPTIONAL) values ('JOB_COD_CAUS_ULL','PRV_CND_5ITRF_FT_CD_TP_CONTR','0');
Insert into WP1_JOB_CONDITION (ID_JOB,ID_CONDITION,OPTIONAL) values ('JOB_TIPO_FLAG_ACQ_OL_READY1','PRV-CN-4ITRF-DT-ACQ-CHS-MIN-DF','0');
Insert into WP1_JOB_CONDITION (ID_JOB,ID_CONDITION,OPTIONAL) values ('JOB_TIPO_FLAG_ACQ_OL_READY1','PRV-CN-4ITRF-CODE_COTR-TABLE','0');
Insert into WP1_JOB_CONDITION (ID_JOB,ID_CONDITION,OPTIONAL) values ('JOB_TIPO_FLAG_ACQ_OL_READY1','PRV-CN-CODE_TIPO_CNTR_EQ','0');
Insert into WP1_JOB_CONDITION (ID_JOB,ID_CONDITION,OPTIONAL) values ('JOB_TIPO_FLAG_ACQ_OL_READY1','PRV-CN-FLAG_SYS_EQ','0');
Insert into WP1_JOB_CONDITION (ID_JOB,ID_CONDITION,OPTIONAL) values ('JOB_TIPO_FLAG_ACQ_OL_READY2','PRV-CN-5ITRF-TP_FL_ACQ_RH-EQ-P','0');
Insert into WP1_JOB_CONDITION (ID_JOB,ID_CONDITION,OPTIONAL) values ('JOB_TIPO_FLAG_ACQ_OL_READY2','PRV-CN-5ITRF-DA-ACQ-CHS-MIN-DF','0');
Insert into WP1_JOB_CONDITION (ID_JOB,ID_CONDITION,OPTIONAL) values ('JOB_TIPO_FLAG_ACQ_OL_READY2','PRV-CN-5ITRF-CODE_COTR-TABLE','0');
Insert into WP1_JOB_CONDITION (ID_JOB,ID_CONDITION,OPTIONAL) values ('JOB_TIPO_FLAG_ACQ_OL_READY2','PRV-CN-CODE_TIPO_CNTR_EQ','0');
Insert into WP1_JOB_CONDITION (ID_JOB,ID_CONDITION,OPTIONAL) values ('JOB_TIPO_FLAG_ACQ_OL_READY2','PRV-CN-FLAG_SYS_EQ','0');
Insert into WP1_JOB_CONDITION (ID_JOB,ID_CONDITION,OPTIONAL) values ('JOB_TIPO_FLAG_ACQ_OL_READY3','PRV-CN-5ITRX-TP_FL_ACQ_RH-EQ-P','0');
Insert into WP1_JOB_CONDITION (ID_JOB,ID_CONDITION,OPTIONAL) values ('JOB_TIPO_FLAG_ACQ_OL_READY3','PRV-CN-5ITRX-DTA-ACQ-CHS-MN-DF','0');
Insert into WP1_JOB_CONDITION (ID_JOB,ID_CONDITION,OPTIONAL) values ('JOB_TIPO_FLAG_ACQ_OL_READY3','PRV-CN-5ITRX-CODE_COTR-TABLE','0');
Insert into WP1_JOB_CONDITION (ID_JOB,ID_CONDITION,OPTIONAL) values ('JOB_TIPO_FLAG_ACQ_OL_READY3','PRV-CN-CODE_TIPO_CNTR_EQ','1');
Insert into WP1_JOB_CONDITION (ID_JOB,ID_CONDITION,OPTIONAL) values ('JOB_TIPO_FLAG_ACQ_OL_READY3','PRV-CN-FLAG_SYS_EQ','0');
Insert into WP1_JOB_CONDITION (ID_JOB,ID_CONDITION,OPTIONAL) values ('JOB_REPLACE_SINGLE_QUOTE','PRV-CN-5ITRX-DTA-ACQ-CHIUS-MEQ','0');
Insert into WP1_JOB_CONDITION (ID_JOB,ID_CONDITION,OPTIONAL) values ('JOB_DATA_ACQ_CHIUS_OL_WARN1','PRV-CN-4ITRF-TIP_FLG_ACQ_RH-EQ','0');
Insert into WP1_JOB_CONDITION (ID_JOB,ID_CONDITION,OPTIONAL) values ('JOB_DATA_ACQ_CHIUS_OL_WARN1','PRV-CN-4ITRF-DTA-ACQ-CHIUS-MIN','0');
Insert into WP1_JOB_CONDITION (ID_JOB,ID_CONDITION,OPTIONAL) values ('JOB_DATA_ACQ_CHIUS_OL_WARN1','PRV-CN-4ITRF-CODE_COTR-TABLE','0');
Insert into WP1_JOB_CONDITION (ID_JOB,ID_CONDITION,OPTIONAL) values ('JOB_DATA_ACQ_CHIUS_OL_WARN1','PRV-CN-CODE_TIPO_CNTR_EQ','0');
Insert into WP1_JOB_CONDITION (ID_JOB,ID_CONDITION,OPTIONAL) values ('JOB_DATA_ACQ_CHIUS_OL_WARN1','PRV-CN-FLAG_SYS_EQ','0');
Insert into WP1_JOB_CONDITION (ID_JOB,ID_CONDITION,OPTIONAL) values ('JOB_DATA_ACQ_CHIUS_OL_WARN2','PRV-CN-5ITRF-TIP_FLG_ACQ_RH-EQ','0');
Insert into WP1_JOB_CONDITION (ID_JOB,ID_CONDITION,OPTIONAL) values ('JOB_DATA_ACQ_CHIUS_OL_WARN2','PRV-CN-5ITRF-DTA-ACQ-CHIUS-MIN','0');
Insert into WP1_JOB_CONDITION (ID_JOB,ID_CONDITION,OPTIONAL) values ('JOB_DATA_ACQ_CHIUS_OL_WARN2','PRV-CN-5ITRF-CODE_COTR-TABLE','0');
Insert into WP1_JOB_CONDITION (ID_JOB,ID_CONDITION,OPTIONAL) values ('JOB_DATA_ACQ_CHIUS_OL_WARN2','PRV-CN-CODE_TIPO_CNTR_EQ','0');
Insert into WP1_JOB_CONDITION (ID_JOB,ID_CONDITION,OPTIONAL) values ('JOB_DATA_ACQ_CHIUS_OL_WARN2','PRV-CN-FLAG_SYS_EQ','0');
Insert into WP1_JOB_CONDITION (ID_JOB,ID_CONDITION,OPTIONAL) values ('JOB_DATA_ACQ_CHIUS_OL_WARN3','PRV-CN-5ITRX-TIP_FLG_ACQ_RH-EQ','0');
Insert into WP1_JOB_CONDITION (ID_JOB,ID_CONDITION,OPTIONAL) values ('JOB_DATA_ACQ_CHIUS_OL_WARN3','PRV-CN-5ITRX-DTA-ACQ-CHIUS-MIN','0');
Insert into WP1_JOB_CONDITION (ID_JOB,ID_CONDITION,OPTIONAL) values ('JOB_DATA_ACQ_CHIUS_OL_WARN3','PRV-CN-5ITRX-CODE_COTR-TABLE','0');
Insert into WP1_JOB_CONDITION (ID_JOB,ID_CONDITION,OPTIONAL) values ('JOB_DATA_ACQ_CHIUS_OL_WARN3','PRV-CN-CODE_TIPO_CNTR_EQ','0');
Insert into WP1_JOB_CONDITION (ID_JOB,ID_CONDITION,OPTIONAL) values ('JOB_DATA_ACQ_CHIUS_OL_WARN3','PRV-CN-FLAG_SYS_EQ','0');
Insert into WP1_JOB_CONDITION (ID_JOB,ID_CONDITION,OPTIONAL) values ('JOB_TIPO_FLAG_ACQ_OL_READY1','PRV-CN-4ITRF-TP_FL_ACQ_RH-EQ-P','0');
Insert into WP1_JOB_CONDITION (ID_JOB,ID_CONDITION,OPTIONAL) values ('JOB_REPLACE_SINGLE_QUOTE','PRV-CN-5ITRX-TP_FL_ACQ_RH-IN','0');
Insert into WP1_JOB_CONDITION (ID_JOB,ID_CONDITION,OPTIONAL) values ('JOB_REPLACE_SINGLE_QUOTE','PRV-CN-5ITRX-CODE_OL_LIKE','0');
Insert into WP1_JOB_CONDITION (ID_JOB,ID_CONDITION,OPTIONAL) values ('JOB_REPLACE_SINGLE_QUOTE','PRV-CN-5ITRX-CODE_COTR-TABLE','0');
Insert into WP1_JOB_CONDITION (ID_JOB,ID_CONDITION,OPTIONAL) values ('JOB_REPLACE_SINGLE_QUOTE','PRV-CN-CODE_TIPO_CNTR_EQ','0');
Insert into WP1_JOB_CONDITION (ID_JOB,ID_CONDITION,OPTIONAL) values ('JOB_REPLACE_SINGLE_QUOTE','PRV-CN-FLAG_SYS_EQ','0');
Insert into WP1_JOB_CONDITION (ID_JOB,ID_CONDITION,OPTIONAL) values ('JOB_DATA_DRO_GT_DATA_TEST1','PRV_CND_5TRF_FT_NP_TP_FL_AQ_IN','0');
Insert into WP1_JOB_CONDITION (ID_JOB,ID_CONDITION,OPTIONAL) values ('JOB_DATA_DRO_GT_DATA_TEST1','PRV-CN-5ITRF-CODE_COTR-TABLE','0');
Insert into WP1_JOB_CONDITION (ID_JOB,ID_CONDITION,OPTIONAL) values ('JOB_DATA_DRO_GT_DATA_TEST1','PRV-CN-CODE_TIPO_CNTR_EQ','0');
Insert into WP1_JOB_CONDITION (ID_JOB,ID_CONDITION,OPTIONAL) values ('JOB_DATA_DRO_GT_DATA_TEST1','PRV-CN-FLAG_SYS_EQ','0');
Insert into WP1_JOB_CONDITION (ID_JOB,ID_CONDITION,OPTIONAL) values ('JOB_DATA_DRO_GT_DATA_TEST1','PRV_CND_5TRF_FT_DATA_ORD_GT','0');
Insert into WP1_JOB_CONDITION (ID_JOB,ID_CONDITION,OPTIONAL) values ('JOB_DATA_DRO_GT_DATA_TEST2','PRV-CN-5ITRX-TP_FL_ACQ_RH-IN','0');
Insert into WP1_JOB_CONDITION (ID_JOB,ID_CONDITION,OPTIONAL) values ('JOB_DATA_DRO_GT_DATA_TEST2','PRV-CN-5ITRX-CODE_COTR-TABLE','0');
Insert into WP1_JOB_CONDITION (ID_JOB,ID_CONDITION,OPTIONAL) values ('JOB_DATA_DRO_GT_DATA_TEST2','PRV-CN-CODE_TIPO_CNTR_EQ','0');
Insert into WP1_JOB_CONDITION (ID_JOB,ID_CONDITION,OPTIONAL) values ('JOB_DATA_DRO_GT_DATA_TEST2','PRV-CN-FLAG_SYS_EQ','0');
Insert into WP1_JOB_CONDITION (ID_JOB,ID_CONDITION,OPTIONAL) values ('JOB_DATA_DRO_GT_DATA_TEST2','PRV_CND_5TRF_FTX_DATA_ORD_GT','0');
Insert into WP1_JOB_CONDITION (ID_JOB,ID_CONDITION,OPTIONAL) values ('JOB_DATA_DRO_GT_DATA_TEST3','PRV_CND_4TRF_FT_NP_TP_FL_AQ_IN','0');
Insert into WP1_JOB_CONDITION (ID_JOB,ID_CONDITION,OPTIONAL) values ('JOB_DATA_DRO_GT_DATA_TEST3','PRV-CN-4ITRF-CODE_COTR-TABLE','0');
Insert into WP1_JOB_CONDITION (ID_JOB,ID_CONDITION,OPTIONAL) values ('JOB_DATA_DRO_GT_DATA_TEST3','PRV-CN-CODE_TIPO_CNTR_EQ','0');
Insert into WP1_JOB_CONDITION (ID_JOB,ID_CONDITION,OPTIONAL) values ('JOB_DATA_DRO_GT_DATA_TEST3','PRV-CN-FLAG_SYS_EQ','0');
Insert into WP1_JOB_CONDITION (ID_JOB,ID_CONDITION,OPTIONAL) values ('JOB_DATA_DRO_GT_DATA_TEST3','PRV_CND_4TRF_FT_NP_DATA_ORD_GT','0');
Insert into WP1_JOB_CONDITION (ID_JOB,ID_CONDITION,OPTIONAL) values ('JOB_OL_DOPPI_SERV_REGOL_OWLR','COND_OL_DOPPI_SERV_REGOL_OWLR','0');
Insert into WP1_JOB_CONDITION (ID_JOB,ID_CONDITION,OPTIONAL) values ('JOB_OL_DOPPI_NP_CPS','COND_OL_DOPPI_NP_CPS','0');
Insert into WP1_JOB_CONDITION (ID_JOB,ID_CONDITION,OPTIONAL) values ('JOB_OL_TO_VAL_OPERATORI_CES1','COND_OL_TO_VAL_OPERATORI_CES1','0');
Insert into WP1_JOB_CONDITION (ID_JOB,ID_CONDITION,OPTIONAL) values ('JOB_OL_TO_VAL_OPERATORI_CES2','COND_OL_TO_VAL_OPERATORI_CES2','0');
Insert into WP1_JOB_CONDITION (ID_JOB,ID_CONDITION,OPTIONAL) values ('JOB_OL_TO_VAL_OPERATORI_CES3','COND_OL_TO_VAL_OPERATORI_CES3','0');
Insert into WP1_JOB_CONDITION (ID_JOB,ID_CONDITION,OPTIONAL) values ('JOB_OL_TO_VAL_OPERATORI_CES4','COND_OL_TO_VAL_OPERATORI_CES4','0');
Insert into WP1_JOB_CONDITION (ID_JOB,ID_CONDITION,OPTIONAL) values ('JOB_OL_TO_VAL_OPERATORI_CES5','COND_OL_TO_VAL_OPERATORI_CES5','0');
Insert into WP1_JOB_CONDITION (ID_JOB,ID_CONDITION,OPTIONAL) values ('JOB_OL_TO_VAL_OPERATORI_CES6','COND_OL_TO_VAL_OPERATORI_CES6','0');
Insert into WP1_JOB_CONDITION (ID_JOB,ID_CONDITION,OPTIONAL) values ('JOB_OL_DOPPI_SERV_REGOL_NWLR','COND_OL_DOPPI_SERV_REGOL_NWLR','0');
Insert into WP1_JOB_CONDITION (ID_JOB,ID_CONDITION,OPTIONAL) values ('JOB_OL_DOPPI_NP_XDSL','COND_OL_DOPPI_NP_XDSL','0');
Insert into WP1_JOB_CONDITION (ID_JOB,ID_CONDITION,OPTIONAL) values ('JOB_COND_ACCANT_OL_BSTREAM_ATM','PRV-CN-5ITRX-CODE_COTR-TABLE','0');
Insert into WP1_JOB_CONDITION (ID_JOB,ID_CONDITION,OPTIONAL) values ('JOB_COND_ACCANT_OL_BSTREAM_ATM','PRV-CN-FLAG_SYS_EQ','0');
Insert into WP1_JOB_CONDITION (ID_JOB,ID_CONDITION,OPTIONAL) values ('JOB_COND_ACCANT_OL_BSTREAM_ATM','PRV-CN-5ITRX-TP_FL_ACQ_RH-IN','0');
Insert into WP1_JOB_CONDITION (ID_JOB,ID_CONDITION,OPTIONAL) values ('JOB_COND_ACCANT_OL_BSTREAM_ATM','PRV-CN-5ITRX-DTA-ACQ-CHS-MN-DF','0');
Insert into WP1_JOB_CONDITION (ID_JOB,ID_CONDITION,OPTIONAL) values ('JOB_COND_ACCANT_OL_BSTREAM_ATM','CND-CN-5ITRF-ID_ACCESS-IS-NULL','0');
Insert into WP1_JOB_CONDITION (ID_JOB,ID_CONDITION,OPTIONAL) values ('JOB_COND_ACCANT_OL_BSTREAM_ATM','PRV-CN-CODE_TIPO_CNTR_EQ','0');
Insert into WP1_JOB_CONDITION (ID_JOB,ID_CONDITION,OPTIONAL) values ('JOB_OL_CESS_SERV_NP','PRV-CN-4ITRF-CODE_COTR-TABLE','0');
Insert into WP1_JOB_CONDITION (ID_JOB,ID_CONDITION,OPTIONAL) values ('JOB_OL_CESS_SERV_NP','PRV-CN-CODE_TIPO_CNTR_EQ','0');
Insert into WP1_JOB_CONDITION (ID_JOB,ID_CONDITION,OPTIONAL) values ('JOB_OL_CESS_SERV_NP','PRV-CN-FLAG_SYS_EQ','0');
Insert into WP1_JOB_CONDITION (ID_JOB,ID_CONDITION,OPTIONAL) values ('JOB_OL_CESS_SERV_NP','PRV_CND_4TRF_FT_NP_CDE_PS_FAT','0');
Insert into WP1_JOB_CONDITION (ID_JOB,ID_CONDITION,OPTIONAL) values ('JOB_OL_CESS_SERV_NP','PRV_CND_4TRF_FT_NP_CDE_STAT_PS','0');
Insert into WP1_JOB_CONDITION (ID_JOB,ID_CONDITION,OPTIONAL) values ('JOB_OL_CESS_SERV_NP','PRV_CND_4TRF_FT_NP_TP_FL_AQ_IN','0');
Insert into WP1_JOB_CONDITION (ID_JOB,ID_CONDITION,OPTIONAL) values ('JOB_OL_CESS_SERV_NP_WLR','COND_OL_CESS_SERV_NP_WLR','0');
Insert into WP1_JOB_CONDITION (ID_JOB,ID_CONDITION,OPTIONAL) values ('JOB_COD_CAUS_ULL_CESS_ULL','PRV_CND_5ITRF_FAT_CDE_CAU_U_EQ','0');
Insert into WP1_JOB_CONDITION (ID_JOB,ID_CONDITION,OPTIONAL) values ('JOB_COD_CAUS_ULL_CESS_ULL','PRV_CND_5ITRF_FT_CD_ST_PS_U_EQ','0');
Insert into WP1_JOB_CONDITION (ID_JOB,ID_CONDITION,OPTIONAL) values ('JOB_COD_STATO_ULL_CESS_REG','PRV_CND_5ITRF_FT_CD_ST_PS_U_D7','0');
Insert into WP1_JOB_CONDITION (ID_JOB,ID_CONDITION,OPTIONAL) values ('JOB_COD_CAUS_ULL_CESS_ULL','PRV-CN-5ITRF-CODE_COTR-TABLE','0');
Insert into WP1_JOB_CONDITION (ID_JOB,ID_CONDITION,OPTIONAL) values ('JOB_COD_CAUS_ULL_CESS_ULL','PRV-CN-CODE_TIPO_CNTR_EQ','0');
Insert into WP1_JOB_CONDITION (ID_JOB,ID_CONDITION,OPTIONAL) values ('JOB_COD_CAUS_ULL_CESS_ULL','PRV-CN-FLAG_SYS_EQ','0');
Insert into WP1_JOB_CONDITION (ID_JOB,ID_CONDITION,OPTIONAL) values ('JOB_COD_CAUS_ULL_CESS_ULL','PRV_CND_5TRF_FT_NP_TP_FL_AQ_IN','0');
Insert into WP1_JOB_CONDITION (ID_JOB,ID_CONDITION,OPTIONAL) values ('JOB_COD_CAUS_ULL_CESS_ULL','PRV-CN-5ITRF-DA-ACQ-CHS-MEQ-DF','0');
Insert into WP1_JOB_CONDITION (ID_JOB,ID_CONDITION,OPTIONAL) values ('JOB_COD_CAUS_ULL_CESS_ULL','PRV-CN-5ITRF-DA-ACQ-CHS-MIQ-DF','0');
Insert into WP1_JOB_CONDITION (ID_JOB,ID_CONDITION,OPTIONAL) values ('JOB_COD_CAUS_ULL_CESS_ULL','PRV_CND_5ITRF_FAT_CDE_TP_CS_EQ','0');
Insert into WP1_JOB_CONDITION (ID_JOB,ID_CONDITION,OPTIONAL) values ('JOB_COD_STATO_ULL_CESS_REG','PRV_CND_5ITRF_FAT_CDE_CA_U_EQ2','0');
Insert into WP1_JOB_CONDITION (ID_JOB,ID_CONDITION,OPTIONAL) values ('JOB_COD_STATO_ULL_CESS_REG','PRV_CND_5TRF_FT_NP_TP_FL_AQ_IN','0');
Insert into WP1_JOB_CONDITION (ID_JOB,ID_CONDITION,OPTIONAL) values ('JOB_COD_STATO_ULL_CESS_REG','PRV-CN-5ITRF-CODE_COTR-TABLE','0');
Insert into WP1_JOB_CONDITION (ID_JOB,ID_CONDITION,OPTIONAL) values ('JOB_COD_STATO_ULL_CESS_REG','PRV-CN-CODE_TIPO_CNTR_EQ','0');
Insert into WP1_JOB_CONDITION (ID_JOB,ID_CONDITION,OPTIONAL) values ('JOB_COD_STATO_ULL_CESS_REG','PRV-CN-FLAG_SYS_EQ','0');
Insert into WP1_JOB_CONDITION (ID_JOB,ID_CONDITION,OPTIONAL) values ('JOB_CODPROGCESS_WIN1106WLR','COND_CODPROGCESS_WIN1106WLR','0');
Insert into WP1_JOB_CONDITION (ID_JOB,ID_CONDITION,OPTIONAL) values ('JOB_EASYIP_SP_OP_NO_LIST','PRV-CN-5ITRX-DTA-ACQ-CHIUS-MEQ','0');
Insert into WP1_JOB_CONDITION (ID_JOB,ID_CONDITION,OPTIONAL) values ('JOB_EASYIP_SP_OP_NO_LIST','PRV-CN-5ITRX-TP_FL_ACQ_RH-IN','0');
Insert into WP1_JOB_CONDITION (ID_JOB,ID_CONDITION,OPTIONAL) values ('JOB_EASYIP_SP_OP_NO_LIST','PRV-CN-5ITRX-CODE_COTR-TABLE','0');
Insert into WP1_JOB_CONDITION (ID_JOB,ID_CONDITION,OPTIONAL) values ('JOB_EASYIP_SP_OP_NO_LIST','PRV-CN-FLAG_SYS_EQ','0');
Insert into WP1_JOB_CONDITION (ID_JOB,ID_CONDITION,OPTIONAL) values ('JOB_EASYIP_SP_OP_NO_LIST','PRV_CND_I5_1CONTR_FLG_SYS_48','0');
Insert into WP1_JOB_CONDITION (ID_JOB,ID_CONDITION,OPTIONAL) values ('JOB_EASYIP_SP_OP_NO_LIST','PRV_CND_I5_1CONTR_FLG_SYS_IN_1','0');
Insert into WP1_JOB_CONDITION (ID_JOB,ID_CONDITION,OPTIONAL) values ('JOB_ALLIN_DATA_ACQ_REG','COND_ALLIN_DATA_ACQ_REG','0');
Insert into WP1_JOB_CONDITION (ID_JOB,ID_CONDITION,OPTIONAL) values ('JOB_ALLIN_DATA_ACQ_XDSL','COND_ALLIN_DATA_ACQ_XDSL','0');
Insert into WP1_JOB_CONDITION (ID_JOB,ID_CONDITION,OPTIONAL) values ('JOB_EASYIP_SP_OP_NON_MIGR','COND_EASYIP_SP_OP_NON_MIGR','0');
Insert into WP1_JOB_CONDITION (ID_JOB,ID_CONDITION,OPTIONAL) values ('SCONTISTICA_FATTURA','SELECT_DETTAGLI_FATTURA','0');
Insert into WP1_JOB_CONDITION (ID_JOB,ID_CONDITION,OPTIONAL) values ('SCONTISTICA_NC','SELECT_DETTAGLI_NOTE_CRED','0');
Insert into WP1_JOB_CONDITION (ID_JOB,ID_CONDITION,OPTIONAL) values ('SCONTISTICA_FATTURA_X_CONTR','SELECT_DETTAGLI_FATT_X_CONTR','0');
Insert into WP1_JOB_CONDITION (ID_JOB,ID_CONDITION,OPTIONAL) values ('SCONTISTICA_NC_X_CONTR','SELECT_DETTAGLI_NC_X_CONTR','0');
Insert into WP1_JOB_CONDITION (ID_JOB,ID_CONDITION,OPTIONAL) values ('CAMBIO_CICLO','CAMBIO_CICLO','0');
Insert into WP1_JOB_CONDITION (ID_JOB,ID_CONDITION,OPTIONAL) values ('SAP_MARK_SETTORE_MERC','SELECT_CODE_GEST_SAP','0');
Insert into WP1_JOB_CONDITION (ID_JOB,ID_CONDITION,OPTIONAL) values ('SAP_BACKUP','BACKUP_SAP','0');
Insert into WP1_JOB_CONDITION (ID_JOB,ID_CONDITION,OPTIONAL) values ('SAP_DEL_NOTE_DI_CREDITO','SAL_LIST_CODE_GEST_SAP','1');
Insert into WP1_JOB_CONDITION (ID_JOB,ID_CONDITION,OPTIONAL) values ('SAP_DEL_NOTE_DI_CREDITO','SAP_ALIQUOTA','1');
Insert into WP1_JOB_CONDITION (ID_JOB,ID_CONDITION,OPTIONAL) values ('SAP_DEL_NOTE_DI_CREDITO','SAP_CODE_PROG_ORD','1');
Insert into WP1_JOB_CONDITION (ID_JOB,ID_CONDITION,OPTIONAL) values ('SAP_DEL_NOTE_DI_CREDITO','SAP_CODE_TIPO_ORD','1');
Insert into WP1_JOB_CONDITION (ID_JOB,ID_CONDITION,OPTIONAL) values ('SAP_DEL_NOTE_DI_CREDITO','SAP_JOIN_TEST_DETT','0');
Insert into WP1_JOB_CONDITION (ID_JOB,ID_CONDITION,OPTIONAL) values ('SAP_MARK_SETTORE_MERC','SAP_CODE_PROG_ORD','1');
Insert into WP1_JOB_CONDITION (ID_JOB,ID_CONDITION,OPTIONAL) values ('SAP_ACCORPA_GESTORI','SAP_ACCORPA_GESTORI','0');
Insert into WP1_JOB_CONDITION (ID_JOB,ID_CONDITION,OPTIONAL) values ('SAP_DEL_TESTATE','SAL_LIST_CODE_GEST_SAP','0');
Insert into WP1_JOB_CONDITION (ID_JOB,ID_CONDITION,OPTIONAL) values ('SAP_DEL_TESTATE_VUOTE','SAP_SELECT_TESTATE_VUOTE','0');
Insert into WP1_JOB_CONDITION (ID_JOB,ID_CONDITION,OPTIONAL) values ('SAP_UPD_GESTORI_SAP','SAP_SELECT_GESTORI','0');
REM INSERTING into WP1_JOB_OPERATION
SET DEFINE OFF;
Insert into WP1_JOB_OPERATION (ID_JOB,ID_OPERATION) values ('ALLINEA_ACONET','PRV-OPR-FAKE-COMPLEX');
Insert into WP1_JOB_OPERATION (ID_JOB,ID_OPERATION) values ('ANALISI_TREND','ANALISI_TREND');
Insert into WP1_JOB_OPERATION (ID_JOB,ID_OPERATION) values ('CAMBIO_CICLO','PRV-OPR-FAKE-COMPLEX');
Insert into WP1_JOB_OPERATION (ID_JOB,ID_OPERATION) values ('JOB_ALLIN_DATA_ACQ_REG','0_STORICIZZA_REG');
Insert into WP1_JOB_OPERATION (ID_JOB,ID_OPERATION) values ('JOB_ALLIN_DATA_ACQ_REG','OP_ALLIN_DATA_ACQ_REG');
Insert into WP1_JOB_OPERATION (ID_JOB,ID_OPERATION) values ('JOB_ALLIN_DATA_ACQ_XDSL','0_STORICIZZA_XDSL');
Insert into WP1_JOB_OPERATION (ID_JOB,ID_OPERATION) values ('JOB_ALLIN_DATA_ACQ_XDSL','OP_ALLIN_DATA_ACQ_XDSL');
Insert into WP1_JOB_OPERATION (ID_JOB,ID_OPERATION) values ('JOB_CODPROGCESS_WIN1106WLR','0_STORICIZZA_REG');
Insert into WP1_JOB_OPERATION (ID_JOB,ID_OPERATION) values ('JOB_CODPROGCESS_WIN1106WLR','PRV_OPR_5ITRF_FAT_COD_PRG');
Insert into WP1_JOB_OPERATION (ID_JOB,ID_OPERATION) values ('JOB_COD_CAUS_ULL','0_STORICIZZA_REG');
Insert into WP1_JOB_OPERATION (ID_JOB,ID_OPERATION) values ('JOB_COD_CAUS_ULL','PRV-OPR-5ITRF_FT_CD-CAU_ULL_1');
Insert into WP1_JOB_OPERATION (ID_JOB,ID_OPERATION) values ('JOB_COD_CAUS_ULL','PRV-OPR-5ITRF_FT_CD-TP_CAU_9');
Insert into WP1_JOB_OPERATION (ID_JOB,ID_OPERATION) values ('JOB_COD_CAUS_ULL_CESS_ULL','0_STORICIZZA_REG');
Insert into WP1_JOB_OPERATION (ID_JOB,ID_OPERATION) values ('JOB_COD_CAUS_ULL_CESS_ULL','PRV-OPR-5ITRF_FT_CD-CAU_ULL_2');
Insert into WP1_JOB_OPERATION (ID_JOB,ID_OPERATION) values ('JOB_COD_STATO_ULL_CESS_REG','0_STORICIZZA_REG');
Insert into WP1_JOB_OPERATION (ID_JOB,ID_OPERATION) values ('JOB_COD_STATO_ULL_CESS_REG','PRV-OPR-5ITRF_FT_CD-ST_PS_UL');
Insert into WP1_JOB_OPERATION (ID_JOB,ID_OPERATION) values ('JOB_COND_ACCANT_OL_BSTREAM_ATM','0_STORICIZZA_XDSL');
Insert into WP1_JOB_OPERATION (ID_JOB,ID_OPERATION) values ('JOB_COND_ACCANT_OL_BSTREAM_ATM','PRV-OPR-5ITRF_FAT_XDSL-ID-ACSS');
Insert into WP1_JOB_OPERATION (ID_JOB,ID_OPERATION) values ('JOB_DATA_ACQ_CHIUS_OL_WARN1','0_STORICIZZA_NPCPS');
Insert into WP1_JOB_OPERATION (ID_JOB,ID_OPERATION) values ('JOB_DATA_ACQ_CHIUS_OL_WARN1','PRV-OPR-4ITRF-DATA_ACQ_CS-SET');
Insert into WP1_JOB_OPERATION (ID_JOB,ID_OPERATION) values ('JOB_DATA_ACQ_CHIUS_OL_WARN2','0_STORICIZZA_REG');
Insert into WP1_JOB_OPERATION (ID_JOB,ID_OPERATION) values ('JOB_DATA_ACQ_CHIUS_OL_WARN2','PRV-OPR-5ITRF-DATA_ACQ_CS-SET');
Insert into WP1_JOB_OPERATION (ID_JOB,ID_OPERATION) values ('JOB_DATA_ACQ_CHIUS_OL_WARN3','0_STORICIZZA_XDSL');
Insert into WP1_JOB_OPERATION (ID_JOB,ID_OPERATION) values ('JOB_DATA_ACQ_CHIUS_OL_WARN3','PRV-OPR-5ITRX-DATA_ACQ_CS-SET');
Insert into WP1_JOB_OPERATION (ID_JOB,ID_OPERATION) values ('JOB_DATA_DRO_GT_DATA_TEST1','0_STORICIZZA_REG');
Insert into WP1_JOB_OPERATION (ID_JOB,ID_OPERATION) values ('JOB_DATA_DRO_GT_DATA_TEST1','PRV_OPR_5ITRF_FAT_DT_DRO');
Insert into WP1_JOB_OPERATION (ID_JOB,ID_OPERATION) values ('JOB_DATA_DRO_GT_DATA_TEST2','0_STORICIZZA_XDSL');
Insert into WP1_JOB_OPERATION (ID_JOB,ID_OPERATION) values ('JOB_DATA_DRO_GT_DATA_TEST2','PRV_OPR_5ITRF_FATX_DT_DRO');
Insert into WP1_JOB_OPERATION (ID_JOB,ID_OPERATION) values ('JOB_DATA_DRO_GT_DATA_TEST3','0_STORICIZZA_NPCPS');
Insert into WP1_JOB_OPERATION (ID_JOB,ID_OPERATION) values ('JOB_DATA_DRO_GT_DATA_TEST3','PRV_OPR_4ITRF_FAT_NP_DT_DRO');
Insert into WP1_JOB_OPERATION (ID_JOB,ID_OPERATION) values ('JOB_DATA_TEST_GT_DATA_ACQ1','0_STORICIZZA_REG');
Insert into WP1_JOB_OPERATION (ID_JOB,ID_OPERATION) values ('JOB_DATA_TEST_GT_DATA_ACQ1','PRV-OPR-5ITRF-DATA_ACQ_CS-SET2');
Insert into WP1_JOB_OPERATION (ID_JOB,ID_OPERATION) values ('JOB_DATA_TEST_GT_DATA_ACQ2','0_STORICIZZA_XDSL');
Insert into WP1_JOB_OPERATION (ID_JOB,ID_OPERATION) values ('JOB_DATA_TEST_GT_DATA_ACQ2','PRV_OPR_5ITRF_FATX_DT_ACQ_CH');
Insert into WP1_JOB_OPERATION (ID_JOB,ID_OPERATION) values ('JOB_DATA_TEST_GT_DATA_ACQ3','0_STORICIZZA_NPCPS');
Insert into WP1_JOB_OPERATION (ID_JOB,ID_OPERATION) values ('JOB_DATA_TEST_GT_DATA_ACQ3','PRV_OPR_4ITRF_FAT_NP_DT_ACQ_CH');
Insert into WP1_JOB_OPERATION (ID_JOB,ID_OPERATION) values ('JOB_EASYIP_SP_OP_NON_MIGR','0_STORICIZZA_XDSL');
Insert into WP1_JOB_OPERATION (ID_JOB,ID_OPERATION) values ('JOB_EASYIP_SP_OP_NON_MIGR','PRV-OPR-5ITRX-DTA-ACQ-CHS-GTE');
Insert into WP1_JOB_OPERATION (ID_JOB,ID_OPERATION) values ('JOB_EASYIP_SP_OP_NON_MIGR','PRV-OPR-5ITRX-TP_ACQ_FL-SET-P');
Insert into WP1_JOB_OPERATION (ID_JOB,ID_OPERATION) values ('JOB_EASYIP_SP_OP_NO_LIST','0_STORICIZZA_XDSL');
Insert into WP1_JOB_OPERATION (ID_JOB,ID_OPERATION) values ('JOB_EASYIP_SP_OP_NO_LIST','PRV-OPR-5ITRX-DTA-ACQ-CHS-GTE');
Insert into WP1_JOB_OPERATION (ID_JOB,ID_OPERATION) values ('JOB_EASYIP_SP_OP_NO_LIST','PRV-OPR-5ITRX-TP_ACQ_FL-SET-P');
Insert into WP1_JOB_OPERATION (ID_JOB,ID_OPERATION) values ('JOB_OL_CESS_SERV_NP','0_STORICIZZA_NPCPS');
Insert into WP1_JOB_OPERATION (ID_JOB,ID_OPERATION) values ('JOB_OL_CESS_SERV_NP','PRV-OPR-4ITRF_FT_CPS-TP_FL_ACQ');
Insert into WP1_JOB_OPERATION (ID_JOB,ID_OPERATION) values ('JOB_OL_CESS_SERV_NP_WLR','0_STORICIZZA_NPCPS');
Insert into WP1_JOB_OPERATION (ID_JOB,ID_OPERATION) values ('JOB_OL_CESS_SERV_NP_WLR','PRV-OPR-4ITRF_FT_CPS-TP_FL_ACQ');
Insert into WP1_JOB_OPERATION (ID_JOB,ID_OPERATION) values ('JOB_OL_DOPPI_NP_CPS','0_STORICIZZA_NPCPS');
Insert into WP1_JOB_OPERATION (ID_JOB,ID_OPERATION) values ('JOB_OL_DOPPI_NP_CPS','OPER_OL_DOPPI_NP_CPS');
Insert into WP1_JOB_OPERATION (ID_JOB,ID_OPERATION) values ('JOB_OL_DOPPI_NP_XDSL','0_STORICIZZA_XDSL');
Insert into WP1_JOB_OPERATION (ID_JOB,ID_OPERATION) values ('JOB_OL_DOPPI_NP_XDSL','OPER_OL_DOPPI_NP_XDSL');
Insert into WP1_JOB_OPERATION (ID_JOB,ID_OPERATION) values ('JOB_OL_DOPPI_SERV_REGOL_NWLR','0_STORICIZZA_REG');
Insert into WP1_JOB_OPERATION (ID_JOB,ID_OPERATION) values ('JOB_OL_DOPPI_SERV_REGOL_NWLR','OPER_OL_DOPPI_SERV_REGOL_NWLR');
Insert into WP1_JOB_OPERATION (ID_JOB,ID_OPERATION) values ('JOB_OL_DOPPI_SERV_REGOL_OWLR','0_STORICIZZA_REG');
Insert into WP1_JOB_OPERATION (ID_JOB,ID_OPERATION) values ('JOB_OL_DOPPI_SERV_REGOL_OWLR','OPER_OL_DOPPI_SERV_REGOL_OWLR');
Insert into WP1_JOB_OPERATION (ID_JOB,ID_OPERATION) values ('JOB_OL_TO_VAL_OPERATORI_CES1','0_STORICIZZA_SCARTI');
Insert into WP1_JOB_OPERATION (ID_JOB,ID_OPERATION) values ('JOB_OL_TO_VAL_OPERATORI_CES1','OPER_OL_TO_VAL_OPERATORI_CES1');
Insert into WP1_JOB_OPERATION (ID_JOB,ID_OPERATION) values ('JOB_OL_TO_VAL_OPERATORI_CES1','OPER_OL_TO_VAL_OPERATORI_CES2');
Insert into WP1_JOB_OPERATION (ID_JOB,ID_OPERATION) values ('JOB_OL_TO_VAL_OPERATORI_CES2','0_STORICIZZA_REG');
Insert into WP1_JOB_OPERATION (ID_JOB,ID_OPERATION) values ('JOB_OL_TO_VAL_OPERATORI_CES2','OPER_OL_TO_VAL_OPERATORI_CES3');
Insert into WP1_JOB_OPERATION (ID_JOB,ID_OPERATION) values ('JOB_OL_TO_VAL_OPERATORI_CES3','0_STORICIZZA_SCARTI');
Insert into WP1_JOB_OPERATION (ID_JOB,ID_OPERATION) values ('JOB_OL_TO_VAL_OPERATORI_CES3','OPER_OL_TO_VAL_OPERATORI_CES1');
Insert into WP1_JOB_OPERATION (ID_JOB,ID_OPERATION) values ('JOB_OL_TO_VAL_OPERATORI_CES3','OPER_OL_TO_VAL_OPERATORI_CES2');
Insert into WP1_JOB_OPERATION (ID_JOB,ID_OPERATION) values ('JOB_OL_TO_VAL_OPERATORI_CES4','0_STORICIZZA_XDSL');
Insert into WP1_JOB_OPERATION (ID_JOB,ID_OPERATION) values ('JOB_OL_TO_VAL_OPERATORI_CES4','OPER_OL_TO_VAL_OPERATORI_CES4');
Insert into WP1_JOB_OPERATION (ID_JOB,ID_OPERATION) values ('JOB_OL_TO_VAL_OPERATORI_CES5','0_STORICIZZA_SCARTI');
Insert into WP1_JOB_OPERATION (ID_JOB,ID_OPERATION) values ('JOB_OL_TO_VAL_OPERATORI_CES5','OPER_OL_TO_VAL_OPERATORI_CES1');
Insert into WP1_JOB_OPERATION (ID_JOB,ID_OPERATION) values ('JOB_OL_TO_VAL_OPERATORI_CES5','OPER_OL_TO_VAL_OPERATORI_CES2');
Insert into WP1_JOB_OPERATION (ID_JOB,ID_OPERATION) values ('JOB_OL_TO_VAL_OPERATORI_CES6','0_STORICIZZA_NPCPS');
Insert into WP1_JOB_OPERATION (ID_JOB,ID_OPERATION) values ('JOB_OL_TO_VAL_OPERATORI_CES6','OPER_OL_TO_VAL_OPERATORI_CES5');
Insert into WP1_JOB_OPERATION (ID_JOB,ID_OPERATION) values ('JOB_REPLACE_SINGLE_QUOTE','0_STORICIZZA_XDSL');
Insert into WP1_JOB_OPERATION (ID_JOB,ID_OPERATION) values ('JOB_REPLACE_SINGLE_QUOTE','PRV-OPR-5ITRX-CODE_OL_REPLACE');
Insert into WP1_JOB_OPERATION (ID_JOB,ID_OPERATION) values ('JOB_TIPO_FLAG_ACQ_OL_READY1','0_STORICIZZA_NPCPS');
Insert into WP1_JOB_OPERATION (ID_JOB,ID_OPERATION) values ('JOB_TIPO_FLAG_ACQ_OL_READY1','PRV-OPR-4ITRF-TP_ACQ_FL-SET-0');
Insert into WP1_JOB_OPERATION (ID_JOB,ID_OPERATION) values ('JOB_TIPO_FLAG_ACQ_OL_READY2','0_STORICIZZA_REG');
Insert into WP1_JOB_OPERATION (ID_JOB,ID_OPERATION) values ('JOB_TIPO_FLAG_ACQ_OL_READY2','PRV-OPR-5ITRF-TP_ACQ_FL-SET-0');
Insert into WP1_JOB_OPERATION (ID_JOB,ID_OPERATION) values ('JOB_TIPO_FLAG_ACQ_OL_READY3','0_STORICIZZA_XDSL');
Insert into WP1_JOB_OPERATION (ID_JOB,ID_OPERATION) values ('JOB_TIPO_FLAG_ACQ_OL_READY3','PRV-OPR-5ITRX-TP_ACQ_FL-SET-0');
Insert into WP1_JOB_OPERATION (ID_JOB,ID_OPERATION) values ('SAP_ACCORPA_GESTORI','PRV-OPR-FAKE-COMPLEX');
Insert into WP1_JOB_OPERATION (ID_JOB,ID_OPERATION) values ('SAP_BACKUP','PRV-OPR-FAKE-COMPLEX');
Insert into WP1_JOB_OPERATION (ID_JOB,ID_OPERATION) values ('SAP_DEL_NOTE_DI_CREDITO','DELETE_TESTATE');
Insert into WP1_JOB_OPERATION (ID_JOB,ID_OPERATION) values ('SAP_DEL_TESTATE','DELETE_TESTATE');
Insert into WP1_JOB_OPERATION (ID_JOB,ID_OPERATION) values ('SAP_DEL_TESTATE_VUOTE','DELETE');
Insert into WP1_JOB_OPERATION (ID_JOB,ID_OPERATION) values ('SAP_MARK_SETTORE_MERC','SAP_CODE_GEST_SAP');
Insert into WP1_JOB_OPERATION (ID_JOB,ID_OPERATION) values ('SAP_MARK_SETTORE_MERC','SAP_CODE_SETT_MERC');
Insert into WP1_JOB_OPERATION (ID_JOB,ID_OPERATION) values ('SAP_UPD_GESTORI_SAP','SAP_UPDATE_CODE_GEST_SAP');
Insert into WP1_JOB_OPERATION (ID_JOB,ID_OPERATION) values ('SCONTISTICA_FATTURA','AGGIORNA_TESTATA_FATTURE');
Insert into WP1_JOB_OPERATION (ID_JOB,ID_OPERATION) values ('SCONTISTICA_FATTURA','SET_CAUS_VARIAZ_FATTURA');
Insert into WP1_JOB_OPERATION (ID_JOB,ID_OPERATION) values ('SCONTISTICA_FATTURA','SET_DESC_FATTURA');
Insert into WP1_JOB_OPERATION (ID_JOB,ID_OPERATION) values ('SCONTISTICA_FATTURA','SET_IMPORTO_FATTURA');
Insert into WP1_JOB_OPERATION (ID_JOB,ID_OPERATION) values ('SCONTISTICA_FATTURA','STORICIZZAZIONE_FATTURE');
Insert into WP1_JOB_OPERATION (ID_JOB,ID_OPERATION) values ('SCONTISTICA_FATTURA_X_CONTR','AGGIORNA_TESTATA_FATTURE');
Insert into WP1_JOB_OPERATION (ID_JOB,ID_OPERATION) values ('SCONTISTICA_FATTURA_X_CONTR','SET_CAUS_VARIAZ_FATTURA');
Insert into WP1_JOB_OPERATION (ID_JOB,ID_OPERATION) values ('SCONTISTICA_FATTURA_X_CONTR','SET_DESC_FATTURA');
Insert into WP1_JOB_OPERATION (ID_JOB,ID_OPERATION) values ('SCONTISTICA_FATTURA_X_CONTR','SET_IMPORTO_FATTURA');
Insert into WP1_JOB_OPERATION (ID_JOB,ID_OPERATION) values ('SCONTISTICA_FATTURA_X_CONTR','STORICIZZAZIONE_FATTURE');
Insert into WP1_JOB_OPERATION (ID_JOB,ID_OPERATION) values ('SCONTISTICA_NC','AGGIORNA_TESTATA_NC');
Insert into WP1_JOB_OPERATION (ID_JOB,ID_OPERATION) values ('SCONTISTICA_NC','SET_CAUS_VARIAZ_NC');
Insert into WP1_JOB_OPERATION (ID_JOB,ID_OPERATION) values ('SCONTISTICA_NC','SET_DESC_NC');
Insert into WP1_JOB_OPERATION (ID_JOB,ID_OPERATION) values ('SCONTISTICA_NC','SET_IMPORTO_NC');
Insert into WP1_JOB_OPERATION (ID_JOB,ID_OPERATION) values ('SCONTISTICA_NC','STORICIZZAZIONE_NC');
Insert into WP1_JOB_OPERATION (ID_JOB,ID_OPERATION) values ('SCONTISTICA_NC_X_CONTR','AGGIORNA_TESTATA_NC');
Insert into WP1_JOB_OPERATION (ID_JOB,ID_OPERATION) values ('SCONTISTICA_NC_X_CONTR','SET_CAUS_VARIAZ_NC');
Insert into WP1_JOB_OPERATION (ID_JOB,ID_OPERATION) values ('SCONTISTICA_NC_X_CONTR','SET_DESC_NC');
Insert into WP1_JOB_OPERATION (ID_JOB,ID_OPERATION) values ('SCONTISTICA_NC_X_CONTR','SET_IMPORTO_NC');
Insert into WP1_JOB_OPERATION (ID_JOB,ID_OPERATION) values ('SCONTISTICA_NC_X_CONTR','STORICIZZAZIONE_NC');
REM INSERTING into WP1_LOG
SET DEFINE OFF;
REM INSERTING into WP1_LOG_KEY
SET DEFINE OFF;
REM INSERTING into WP1_OPERATIONS
SET DEFINE OFF;
Insert into WP1_OPERATIONS (ID_OPERATION,FIELD,OPERATOR,OPERAND,OP_TYPE) values ('LOG_KEY','PKG_WP1_UTILITY.LOG_KEY','COMPLEX','N/A','ALL');
Insert into WP1_OPERATIONS (ID_OPERATION,FIELD,OPERATOR,OPERAND,OP_TYPE) values ('ANALISI_TREND','PKG_WP1_ANALISI_TREND.ANALISI_TREND','COMPLEX','N/A','TREND');
Insert into WP1_OPERATIONS (ID_OPERATION,FIELD,OPERATOR,OPERAND,OP_TYPE) values ('OPER_OL_TO_VAL_OPERATORI_CES1','I5_5SCARTI_VALORIZZAZIONE.STATO_SCARTO','SET','X','PREVAL');
Insert into WP1_OPERATIONS (ID_OPERATION,FIELD,OPERATOR,OPERAND,OP_TYPE) values ('OPER_OL_TO_VAL_OPERATORI_CES2','I5_5SCARTI_VALORIZZAZIONE.DATA_CHIUSURA_SCARTO','RAWSTATEMENT','SYSDATE','PREVAL');
Insert into WP1_OPERATIONS (ID_OPERATION,FIELD,OPERATOR,OPERAND,OP_TYPE) values ('OPER_OL_TO_VAL_OPERATORI_CES3','I5_5ITRF_FAT.TIPO_FLAG_ACQ_RICH','SET','X','PREVAL');
Insert into WP1_OPERATIONS (ID_OPERATION,FIELD,OPERATOR,OPERAND,OP_TYPE) values ('OPER_OL_TO_VAL_OPERATORI_CES4','I5_5ITRF_FAT_XDSL.TIPO_FLAG_ACQ_RICH','SET','X','PREVAL');
Insert into WP1_OPERATIONS (ID_OPERATION,FIELD,OPERATOR,OPERAND,OP_TYPE) values ('OPER_OL_TO_VAL_OPERATORI_CES5','I5_4ITRF_FAT_NP_CPS.TIPO_FLAG_ACQ_RICH','SET','X','PREVAL');
Insert into WP1_OPERATIONS (ID_OPERATION,FIELD,OPERATOR,OPERAND,OP_TYPE) values ('PRV-OPR-5ITRF-DATA_ACQ_CS-SET2','I5_5ITRF_FAT.DATA_ACQ_CHIUS','RAWSTATEMENT','I5_5ITRF_FAT.DATA_DEST','PREVAL');
Insert into WP1_OPERATIONS (ID_OPERATION,FIELD,OPERATOR,OPERAND,OP_TYPE) values ('PRV_OPR_5ITRF_FATX_DT_ACQ_CH','I5_5ITRF_FAT_XDSL.DATA_ACQ_CHIUS','RAWSTATEMENT','I5_5ITRF_FAT_XDSL.DATA_DEST','PREVAL');
Insert into WP1_OPERATIONS (ID_OPERATION,FIELD,OPERATOR,OPERAND,OP_TYPE) values ('PRV_OPR_4ITRF_FAT_NP_DT_ACQ_CH','I5_4ITRF_FAT_NP_CPS.DATA_ACQ_CHIUS','RAWSTATEMENT','I5_4ITRF_FAT_NP_CPS.DATA_DEST','PREVAL');
Insert into WP1_OPERATIONS (ID_OPERATION,FIELD,OPERATOR,OPERAND,OP_TYPE) values ('PRV-OPR-5ITRF_FT_CD-TP_CAU_9','I5_5ITRF_FAT.CODE_TIPO_CAUS','SET','9','PREVAL');
Insert into WP1_OPERATIONS (ID_OPERATION,FIELD,OPERATOR,OPERAND,OP_TYPE) values ('PRV-OPR-5ITRF_FT_CD-CAU_ULL_1','I5_5ITRF_FAT.CODE_CAUS_ULL','SET','1','PREVAL');
Insert into WP1_OPERATIONS (ID_OPERATION,FIELD,OPERATOR,OPERAND,OP_TYPE) values ('PRV-OPR-4ITRF-DATA_ACQ_CS-SET','I5_4ITRF_FAT_NP_CPS.DATA_ACQ_CHIUS','SET','$DATA_INIZIO_PERIODO$','PREVAL');
Insert into WP1_OPERATIONS (ID_OPERATION,FIELD,OPERATOR,OPERAND,OP_TYPE) values ('PRV-OPR-5ITRF-DATA_ACQ_CS-SET','I5_5ITRF_FAT.DATA_ACQ_CHIUS','SET','$DATA_INIZIO_PERIODO$','PREVAL');
Insert into WP1_OPERATIONS (ID_OPERATION,FIELD,OPERATOR,OPERAND,OP_TYPE) values ('PRV_OPR_4ITRF_FAT_NP_DT_DRO','I5_4ITRF_FAT_NP_CPS.DATA_DRO','RAWSTATEMENT','I5_4ITRF_FAT_NP_CPS.DATA_DEST','PREVAL');
Insert into WP1_OPERATIONS (ID_OPERATION,FIELD,OPERATOR,OPERAND,OP_TYPE) values ('PRV-OPR-4ITRF-TP_ACQ_FL-SET-0','I5_4ITRF_FAT_NP_CPS.TIPO_FLAG_ACQ_RICH','SET','$RIS_NON_ACQ$','PREVAL');
Insert into WP1_OPERATIONS (ID_OPERATION,FIELD,OPERATOR,OPERAND,OP_TYPE) values ('PRV-OPR-5ITRF-TP_ACQ_FL-SET-0','I5_5ITRF_FAT.TIPO_FLAG_ACQ_RICH','SET','$RIS_NON_ACQ$','PREVAL');
Insert into WP1_OPERATIONS (ID_OPERATION,FIELD,OPERATOR,OPERAND,OP_TYPE) values ('PRV-OPR-5ITRX-TP_ACQ_FL-SET-0','I5_5ITRF_FAT_XDSL.TIPO_FLAG_ACQ_RICH ','SET','$RIS_NON_ACQ$','PREVAL');
Insert into WP1_OPERATIONS (ID_OPERATION,FIELD,OPERATOR,OPERAND,OP_TYPE) values ('PRV-OPR-5ITRX-CODE_OL_REPLACE','I5_5ITRF_FAT_XDSL.CODE_OL','RAWSTATEMENT','REPLACE(I5_5ITRF_FAT_XDSL.CODE_OL,'''''''','''''''''''')','PREVAL');
Insert into WP1_OPERATIONS (ID_OPERATION,FIELD,OPERATOR,OPERAND,OP_TYPE) values ('PRV_OPR_5ITRF_FAT_DT_DRO','I5_5ITRF_FAT.DATA_DRO','RAWSTATEMENT','I5_5ITRF_FAT.DATA_DEST','PREVAL');
Insert into WP1_OPERATIONS (ID_OPERATION,FIELD,OPERATOR,OPERAND,OP_TYPE) values ('PRV_OPR_5ITRF_FATX_DT_DRO','I5_5ITRF_FAT_XDSL.DATA_DRO','RAWSTATEMENT','I5_5ITRF_FAT_XDSL.DATA_DEST','PREVAL');
Insert into WP1_OPERATIONS (ID_OPERATION,FIELD,OPERATOR,OPERAND,OP_TYPE) values ('OPER_OL_DOPPI_NP_XDSL','I5_5ITRF_FAT_XDSL.TIPO_FLAG_ACQ_RICH','SET','D','PREVAL');
Insert into WP1_OPERATIONS (ID_OPERATION,FIELD,OPERATOR,OPERAND,OP_TYPE) values ('OPER_OL_DOPPI_SERV_REGOL_NWLR','I5_5ITRF_FAT.TIPO_FLAG_ACQ_RICH','SET','D','PREVAL');
Insert into WP1_OPERATIONS (ID_OPERATION,FIELD,OPERATOR,OPERAND,OP_TYPE) values ('OPER_OL_DOPPI_SERV_REGOL_OWLR','I5_5ITRF_FAT.TIPO_FLAG_ACQ_RICH','SET','D','PREVAL');
Insert into WP1_OPERATIONS (ID_OPERATION,FIELD,OPERATOR,OPERAND,OP_TYPE) values ('OPER_OL_DOPPI_NP_CPS','I5_4ITRF_FAT_NP_CPS.TIPO_FLAG_ACQ_RICH','SET','D','PREVAL');
Insert into WP1_OPERATIONS (ID_OPERATION,FIELD,OPERATOR,OPERAND,OP_TYPE) values ('PRV-OPR-5ITRF_FAT_XDSL-ID-ACSS','I5_5ITRF_FAT_XDSL.ID_ACCESSO','RAWSTATEMENT','I5_5ITRF_FAT_XDSL.DESC_ID_RISORSA','PREVAL');
Insert into WP1_OPERATIONS (ID_OPERATION,FIELD,OPERATOR,OPERAND,OP_TYPE) values ('PRV-OPR-5ITRX-DATA_ACQ_CS-SET','I5_5ITRF_FAT_XDSL.DATA_ACQ_CHIUS','SET','$DATA_INIZIO_PERIODO$','PREVAL');
Insert into WP1_OPERATIONS (ID_OPERATION,FIELD,OPERATOR,OPERAND,OP_TYPE) values ('PRV-OPR-4ITRF_FT_CPS-TP_FL_ACQ','I5_4ITRF_FAT_NP_CPS.TIPO_FLAG_ACQ_RICH','SET','$RIS_ACQ$','PREVAL');
Insert into WP1_OPERATIONS (ID_OPERATION,FIELD,OPERATOR,OPERAND,OP_TYPE) values ('PRV-OPR-5ITRF_FT_CD-CAU_ULL_2','I5_5ITRF_FAT.CODE_CAUS_ULL','SET','2','PREVAL');
Insert into WP1_OPERATIONS (ID_OPERATION,FIELD,OPERATOR,OPERAND,OP_TYPE) values ('PRV-OPR-5ITRF_FT_CD-ST_PS_UL','I5_5ITRF_FAT.CODE_STATO_PS_ULL','SET','7','PREVAL');
Insert into WP1_OPERATIONS (ID_OPERATION,FIELD,OPERATOR,OPERAND,OP_TYPE) values ('PRV_OPR_5ITRF_FAT_COD_PRG','I5_5ITRF_FAT.CODICE_PROGETTO','SET','WIN1106WLR','PREVAL');
Insert into WP1_OPERATIONS (ID_OPERATION,FIELD,OPERATOR,OPERAND,OP_TYPE) values ('PRV-OPR-5ITRX-TP_ACQ_FL-SET-P','I5_5ITRF_FAT_XDSL.TIPO_FLAG_ACQ_RICH','SET','$RIS_BLOCK$','PREVAL');
Insert into WP1_OPERATIONS (ID_OPERATION,FIELD,OPERATOR,OPERAND,OP_TYPE) values ('PRV-OPR-5ITRX-DTA-ACQ-CHS-GTE','I5_5ITRF_FAT_XDSL.DATA_ACQ_CHIUS','SET','$DATA_FINE_PERIODO$','PREVAL');
Insert into WP1_OPERATIONS (ID_OPERATION,FIELD,OPERATOR,OPERAND,OP_TYPE) values ('PRV-OPR-FAKE-COMPLEX','PKG_WP1_UTILITY.FAKE_OPERATION_COMPLEX','COMPLEX','N/A','ALL');
Insert into WP1_OPERATIONS (ID_OPERATION,FIELD,OPERATOR,OPERAND,OP_TYPE) values ('OP_ALLIN_DATA_ACQ_REG','PKG_WP1_PREVAL.OP_ALLIN_DATA_ACQ_REG','COMPLEX','N/A','PREVAL');
Insert into WP1_OPERATIONS (ID_OPERATION,FIELD,OPERATOR,OPERAND,OP_TYPE) values ('OP_ALLIN_DATA_ACQ_XDSL','PKG_WP1_PREVAL.OP_ALLIN_DATA_ACQ_XDSL','COMPLEX','N/A','PREVAL');
Insert into WP1_OPERATIONS (ID_OPERATION,FIELD,OPERATOR,OPERAND,OP_TYPE) values ('0_STORICIZZA_REG','PKG_WP1_PREVAL.STORICIZZA_REG','COMPLEX','N/A','PREVAL');
Insert into WP1_OPERATIONS (ID_OPERATION,FIELD,OPERATOR,OPERAND,OP_TYPE) values ('0_STORICIZZA_XDSL','PKG_WP1_PREVAL.STORICIZZA_XDSL','COMPLEX','N/A','PREVAL');
Insert into WP1_OPERATIONS (ID_OPERATION,FIELD,OPERATOR,OPERAND,OP_TYPE) values ('0_STORICIZZA_NPCPS','PKG_WP1_PREVAL.STORICIZZA_NPCPS','COMPLEX','N/A','PREVAL');
Insert into WP1_OPERATIONS (ID_OPERATION,FIELD,OPERATOR,OPERAND,OP_TYPE) values ('0_STORICIZZA_SCARTI','PKG_WP1_PREVAL.STORICIZZA_SCARTI','COMPLEX','N/A','PREVAL');
Insert into WP1_OPERATIONS (ID_OPERATION,FIELD,OPERATOR,OPERAND,OP_TYPE) values ('SET_CAUS_VARIAZ_FATTURA','I5_2DETT_DOCUM_FATT_XDSL.CODE_TIPO_CAUS_VARIAZ','SET','$CODE_TIPO_CAUS_VARIAZ$','POSTVAL');
Insert into WP1_OPERATIONS (ID_OPERATION,FIELD,OPERATOR,OPERAND,OP_TYPE) values ('SET_CAUS_VARIAZ_NC','I5_2DETT_DOCUM_NOTA_CRED_XDSL.CODE_TIPO_CAUS_VARIAZ','SET','$CODE_TIPO_CAUS_VARIAZ$','POSTVAL');
Insert into WP1_OPERATIONS (ID_OPERATION,FIELD,OPERATOR,OPERAND,OP_TYPE) values ('SET_DESC_FATTURA','I5_2DETT_DOCUM_FATT_XDSL.DESC_RIGA_FATTURA','RAWSTATEMENT','I5_2DETT_DOCUM_FATT_XDSL.DESC_RIGA_FATTURA || '' - Elaborato da '' || ''$ID_JOB$''','POSTVAL');
Insert into WP1_OPERATIONS (ID_OPERATION,FIELD,OPERATOR,OPERAND,OP_TYPE) values ('SET_DESC_NC','I5_2DETT_DOCUM_NOTA_CRED_XDSL.DESC_RIGA_NOTA_CRED','RAWSTATEMENT','I5_2DETT_DOCUM_NOTA_CRED_XDSL.DESC_RIGA_NOTA_CRED || '' - Elaborato da '' || ''$ID_JOB$''','POSTVAL');
Insert into WP1_OPERATIONS (ID_OPERATION,FIELD,OPERATOR,OPERAND,OP_TYPE) values ('SET_IMPORTO_FATTURA','I5_2DETT_DOCUM_FATT_XDSL.IMPT_RIGA_FATTURA','SET','$IMPORTO$','POSTVAL');
Insert into WP1_OPERATIONS (ID_OPERATION,FIELD,OPERATOR,OPERAND,OP_TYPE) values ('SET_IMPORTO_NC','I5_2DETT_DOCUM_NOTA_CRED_XDSL.IMPT_RIGA_NOTA_CRED','SET','$IMPORTO$','POSTVAL');
Insert into WP1_OPERATIONS (ID_OPERATION,FIELD,OPERATOR,OPERAND,OP_TYPE) values ('STORICIZZAZIONE_FATTURE','PKG_WP1_POSTVAL.STORICIZZA_FATTURA','COMPLEX','N/A','POSTVAL');
Insert into WP1_OPERATIONS (ID_OPERATION,FIELD,OPERATOR,OPERAND,OP_TYPE) values ('STORICIZZAZIONE_NC','PKG_WP1_POSTVAL.STORICIZZA_NC','COMPLEX','N/A','POSTVAL');
Insert into WP1_OPERATIONS (ID_OPERATION,FIELD,OPERATOR,OPERAND,OP_TYPE) values ('AGGIORNA_TESTATA_FATTURE','PKG_WP1_POSTVAL.AGGIORNA_TESTATA_FATTURA','POSTCOMPLEX','N/A','POSTVAL');
Insert into WP1_OPERATIONS (ID_OPERATION,FIELD,OPERATOR,OPERAND,OP_TYPE) values ('AGGIORNA_TESTATA_NC','PKG_WP1_POSTVAL.AGGIORNA_TESTATA_NC','POSTCOMPLEX','N/A','POSTVAL');
Insert into WP1_OPERATIONS (ID_OPERATION,FIELD,OPERATOR,OPERAND,OP_TYPE) values ('SAP_CODE_GEST_SAP','I5_2TEST_CSV_SAP_XDSL.CODE_GEST_SAP','SET','$NUOVO_CODICE_SAP$','SAP');
Insert into WP1_OPERATIONS (ID_OPERATION,FIELD,OPERATOR,OPERAND,OP_TYPE) values ('SAP_CODE_SETT_MERC','I5_2TEST_CSV_SAP_XDSL.CODE_SETT_MERC','SET','$CODE_SETT_MERC$','SAP');
Insert into WP1_OPERATIONS (ID_OPERATION,FIELD,OPERATOR,OPERAND,OP_TYPE) values ('DELETE','N/A','DELETE','N/A','ALL');
Insert into WP1_OPERATIONS (ID_OPERATION,FIELD,OPERATOR,OPERAND,OP_TYPE) values ('SAP_UPDATE_CODE_GEST_SAP','I5_3GEST_SAP_SP.CODE_GEST_SAP','SET','$CODE_GEST_SAP$','SAP');
REM PATCH SAP
insert into WP1_OPERATIONS (ID_OPERATION,FIELD,OPERATOR,OPERAND,OP_TYPE) values ('DELETE_TESTATE','PKG_WP1_SAP.DELETE_TESTATE','COMPLEX','N/A','SAP');
REM INSERTING into WP1_SERVICES
SET DEFINE OFF;
Insert into WP1_SERVICES (ID_SERVICE,DESCRIZIONE,ID_MACRO_SERVICE) values ('42',null,'XDSL');
Insert into WP1_SERVICES (ID_SERVICE,DESCRIZIONE,ID_MACRO_SERVICE) values ('1',null,'XDSL');
Insert into WP1_SERVICES (ID_SERVICE,DESCRIZIONE,ID_MACRO_SERVICE) values ('13',null,'XDSL');
Insert into WP1_SERVICES (ID_SERVICE,DESCRIZIONE,ID_MACRO_SERVICE) values ('38',null,'XDSL');
Insert into WP1_SERVICES (ID_SERVICE,DESCRIZIONE,ID_MACRO_SERVICE) values ('43',null,'XDSL');
Insert into WP1_SERVICES (ID_SERVICE,DESCRIZIONE,ID_MACRO_SERVICE) values ('44',null,'XDSL');
Insert into WP1_SERVICES (ID_SERVICE,DESCRIZIONE,ID_MACRO_SERVICE) values ('47',null,'XDSL');
Insert into WP1_SERVICES (ID_SERVICE,DESCRIZIONE,ID_MACRO_SERVICE) values ('48',null,'XDSL');
Insert into WP1_SERVICES (ID_SERVICE,DESCRIZIONE,ID_MACRO_SERVICE) values ('50',null,'XDSL');
Insert into WP1_SERVICES (ID_SERVICE,DESCRIZIONE,ID_MACRO_SERVICE) values ('9',null,'REG');
Insert into WP1_SERVICES (ID_SERVICE,DESCRIZIONE,ID_MACRO_SERVICE) values ('17',null,'REG');
Insert into WP1_SERVICES (ID_SERVICE,DESCRIZIONE,ID_MACRO_SERVICE) values ('23',null,'REG');
Insert into WP1_SERVICES (ID_SERVICE,DESCRIZIONE,ID_MACRO_SERVICE) values ('37',null,'REG');
Insert into WP1_SERVICES (ID_SERVICE,DESCRIZIONE,ID_MACRO_SERVICE) values ('41',null,'REG');
Insert into WP1_SERVICES (ID_SERVICE,DESCRIZIONE,ID_MACRO_SERVICE) values ('52',null,'REG');
Insert into WP1_SERVICES (ID_SERVICE,DESCRIZIONE,ID_MACRO_SERVICE) values ('7',null,'CPSNP');
Insert into WP1_SERVICES (ID_SERVICE,DESCRIZIONE,ID_MACRO_SERVICE) values ('8',null,'CPSNP');
Insert into WP1_SERVICES (ID_SERVICE,DESCRIZIONE,ID_MACRO_SERVICE) values ('2',null,'SAP');
Insert into WP1_SERVICES (ID_SERVICE,DESCRIZIONE,ID_MACRO_SERVICE) values ('3',null,'SAP');
REM INSERTING into WP1_TABLE_KEY
SET DEFINE OFF;
REM INSERTING into WP1_TICKETGA
SET DEFINE OFF;
Insert into WP1_TICKETGA (ID_TICKET,DATA_EMISSIONE,DATA_INIZIO_VAL,DATA_FINE_VAL,USER_NWS,USER_GA,SYSTEM,DESCRIZIONE,ORDINAMENTO,ACTIVE,TICKET_TYPE,CODE_TIPO_CONTR) values ('eliminaNoteCredWind',to_date('01-01-2013 00:00:00','DD-MM-YYYY HH24:MI:SS'),to_date('01-01-2013 00:00:00','DD-MM-YYYY HH24:MI:SS'),to_date('31-12-2099 00:00:00','DD-MM-YYYY HH24:MI:SS'),'NA','NWS','XDSL','Per l''olo Wind vanno eliminati dalle note di credito tutti gli importi che fanno riferimento a periodi antecedenti il 01/01/2012','1','1','POSTVAL','42');
Insert into WP1_TICKETGA (ID_TICKET,DATA_EMISSIONE,DATA_INIZIO_VAL,DATA_FINE_VAL,USER_NWS,USER_GA,SYSTEM,DESCRIZIONE,ORDINAMENTO,ACTIVE,TICKET_TYPE,CODE_TIPO_CONTR) values ('mcrAconet',to_date('01-10-2014 00:00:00','DD-MM-YYYY HH24:MI:SS'),to_date('01-10-2014 00:00:00','DD-MM-YYYY HH24:MI:SS'),to_date('31-12-2099 00:00:00','DD-MM-YYYY HH24:MI:SS'),'N/A','N/A','XDSL','Per una problema sul Crm sugli accessi non viene passato il valore del mcr. La procedura recupera questa informazione dai Vc legati all''accesso.','1','1','POSTVAL','48');
Insert into WP1_TICKETGA (ID_TICKET,DATA_EMISSIONE,DATA_INIZIO_VAL,DATA_FINE_VAL,USER_NWS,USER_GA,SYSTEM,DESCRIZIONE,ORDINAMENTO,ACTIVE,TICKET_TYPE,CODE_TIPO_CONTR) values ('WSN239892',to_date('01-01-2013 00:00:00','DD-MM-YYYY HH24:MI:SS'),to_date('01-01-2013 00:00:00','DD-MM-YYYY HH24:MI:SS'),to_date('31-12-2099 00:00:00','DD-MM-YYYY HH24:MI:SS'),'NA','NWS','XDSL','per il servizio Bitstream ATM , Operatore ACANTHO, a tutti gli spostamenti di VC tra KIT identificati con il codice progetto ACH1301ATM, occorre applicare un contributo di variazione pari a 0 . ','2','1','POSTVAL','42');
Insert into WP1_TICKETGA (ID_TICKET,DATA_EMISSIONE,DATA_INIZIO_VAL,DATA_FINE_VAL,USER_NWS,USER_GA,SYSTEM,DESCRIZIONE,ORDINAMENTO,ACTIVE,TICKET_TYPE,CODE_TIPO_CONTR) values ('cwn1200ads',to_date('01-01-2013 00:00:00','DD-MM-YYYY HH24:MI:SS'),to_date('01-01-2013 00:00:00','DD-MM-YYYY HH24:MI:SS'),to_date('31-12-2099 00:00:00','DD-MM-YYYY HH24:MI:SS'),'NA','NWS','XDSL','Accordo per azzerare gli importo di CWNET SRL BITSTREAM_ATM','3','1','POSTVAL','42');
Insert into WP1_TICKETGA (ID_TICKET,DATA_EMISSIONE,DATA_INIZIO_VAL,DATA_FINE_VAL,USER_NWS,USER_GA,SYSTEM,DESCRIZIONE,ORDINAMENTO,ACTIVE,TICKET_TYPE,CODE_TIPO_CONTR) values ('WS00002',to_date('01-10-2014 00:00:00','DD-MM-YYYY HH24:MI:SS'),to_date('01-10-2014 00:00:00','DD-MM-YYYY HH24:MI:SS'),to_date('31-12-2099 00:00:00','DD-MM-YYYY HH24:MI:SS'),'NA','NA','REG','Prevalorizzazione Regolatorio','2','1','PREVAL',null);
Insert into WP1_TICKETGA (ID_TICKET,DATA_EMISSIONE,DATA_INIZIO_VAL,DATA_FINE_VAL,USER_NWS,USER_GA,SYSTEM,DESCRIZIONE,ORDINAMENTO,ACTIVE,TICKET_TYPE,CODE_TIPO_CONTR) values ('WS00001',to_date('01-10-2014 13:20:31','DD-MM-YYYY HH24:MI:SS'),to_date('01-10-2014 13:20:39','DD-MM-YYYY HH24:MI:SS'),to_date('31-12-2099 00:00:00','DD-MM-YYYY HH24:MI:SS'),'NA','NA','XDSL','Prevalorizzazione XDSL','1','1','PREVAL',null);
Insert into WP1_TICKETGA (ID_TICKET,DATA_EMISSIONE,DATA_INIZIO_VAL,DATA_FINE_VAL,USER_NWS,USER_GA,SYSTEM,DESCRIZIONE,ORDINAMENTO,ACTIVE,TICKET_TYPE,CODE_TIPO_CONTR) values ('WS00003',to_date('01-10-2014 00:00:00','DD-MM-YYYY HH24:MI:SS'),to_date('01-10-2014 00:00:00','DD-MM-YYYY HH24:MI:SS'),to_date('31-12-2099 00:00:00','DD-MM-YYYY HH24:MI:SS'),'NA','NA','CPSNP','Prevalorizzazione NP-CPS','3','1','PREVAL',null);
Insert into WP1_TICKETGA (ID_TICKET,DATA_EMISSIONE,DATA_INIZIO_VAL,DATA_FINE_VAL,USER_NWS,USER_GA,SYSTEM,DESCRIZIONE,ORDINAMENTO,ACTIVE,TICKET_TYPE,CODE_TIPO_CONTR) values ('TREND_ENGINE',to_date('01-10-2014 00:00:00','DD-MM-YYYY HH24:MI:SS'),to_date('01-10-2014 00:00:00','DD-MM-YYYY HH24:MI:SS'),to_date('31-12-2099 00:00:00','DD-MM-YYYY HH24:MI:SS'),'NA','NA',null,'AnalisiTrend','1','1','TREND',null);
Insert into WP1_TICKETGA (ID_TICKET,DATA_EMISSIONE,DATA_INIZIO_VAL,DATA_FINE_VAL,USER_NWS,USER_GA,SYSTEM,DESCRIZIONE,ORDINAMENTO,ACTIVE,TICKET_TYPE,CODE_TIPO_CONTR) values ('WSN249027',to_date('01-10-2014 00:00:00','DD-MM-YYYY HH24:MI:SS'),to_date('01-10-2014 00:00:00','DD-MM-YYYY HH24:MI:SS'),to_date('31-12-2099 00:00:00','DD-MM-YYYY HH24:MI:SS'),'NA','NWS','XDSL','per l''operatore Telecom Italia San Marino servizio Bitstream ATM bisogna riconoscere solo la quota parte a partire dalla competenza di ottobre 2013. La competenza azzerata a partire da questo mese non dovrà essere soggetta a repricing futuri. ','4','1','POSTVAL','42');
Insert into WP1_TICKETGA (ID_TICKET,DATA_EMISSIONE,DATA_INIZIO_VAL,DATA_FINE_VAL,USER_NWS,USER_GA,SYSTEM,DESCRIZIONE,ORDINAMENTO,ACTIVE,TICKET_TYPE,CODE_TIPO_CONTR) values ('EliminaDettOltre5Anni_NC',to_date('01-10-2014 00:00:00','DD-MM-YYYY HH24:MI:SS'),to_date('01-10-2014 00:00:00','DD-MM-YYYY HH24:MI:SS'),to_date('31-12-2099 00:00:00','DD-MM-YYYY HH24:MI:SS'),'NA','NWS','XDSL','Vanno eliminati dalle fatture tutti gli importi che fanno riferimento a periodi antecedenti 5 anni il ciclo di valorizzazione in corso.','5','1','POSTVAL','42');
Insert into WP1_TICKETGA (ID_TICKET,DATA_EMISSIONE,DATA_INIZIO_VAL,DATA_FINE_VAL,USER_NWS,USER_GA,SYSTEM,DESCRIZIONE,ORDINAMENTO,ACTIVE,TICKET_TYPE,CODE_TIPO_CONTR) values ('EliminaDettOltre5Anni_FT',to_date('01-10-2014 00:00:00','DD-MM-YYYY HH24:MI:SS'),to_date('01-10-2014 00:00:00','DD-MM-YYYY HH24:MI:SS'),to_date('31-12-2099 00:00:00','DD-MM-YYYY HH24:MI:SS'),'NA','NWS','XDSL','Vanno eliminati dalle fatture tutti gli importi che fanno riferimento a periodi antecedenti 5 anni il ciclo di valorizzazione in corso.','6','1','POSTVAL','42');
Insert into WP1_TICKETGA (ID_TICKET,DATA_EMISSIONE,DATA_INIZIO_VAL,DATA_FINE_VAL,USER_NWS,USER_GA,SYSTEM,DESCRIZIONE,ORDINAMENTO,ACTIVE,TICKET_TYPE,CODE_TIPO_CONTR) values ('WSN206727',to_date('01-01-2013 00:00:00','DD-MM-YYYY HH24:MI:SS'),to_date('01-01-2013 00:00:00','DD-MM-YYYY HH24:MI:SS'),to_date('31-12-2099 00:00:00','DD-MM-YYYY HH24:MI:SS'),'NA','NWS','XDSL','per l''operatore Wind servizio Bitstream GBE per tutti gli accessi identificati con il codice progetto WIN1306ETH, occorre applicare un contributo di attivazione pari a 10,20 €. ','1','1','POSTVAL','44');
Insert into WP1_TICKETGA (ID_TICKET,DATA_EMISSIONE,DATA_INIZIO_VAL,DATA_FINE_VAL,USER_NWS,USER_GA,SYSTEM,DESCRIZIONE,ORDINAMENTO,ACTIVE,TICKET_TYPE,CODE_TIPO_CONTR) values ('WSN206728',to_date('01-01-2013 00:00:00','DD-MM-YYYY HH24:MI:SS'),to_date('01-01-2013 00:00:00','DD-MM-YYYY HH24:MI:SS'),to_date('31-12-2099 00:00:00','DD-MM-YYYY HH24:MI:SS'),'NA','NWS','XDSL','per l''operatore Fastweb servizio Bitstream GBE per tutte le VLAN identificate con il codice progetto MTW1327VLA, occorre applicare un contributo di attivazione pari a 11,85 €. ','2','1','POSTVAL','44');
Insert into WP1_TICKETGA (ID_TICKET,DATA_EMISSIONE,DATA_INIZIO_VAL,DATA_FINE_VAL,USER_NWS,USER_GA,SYSTEM,DESCRIZIONE,ORDINAMENTO,ACTIVE,TICKET_TYPE,CODE_TIPO_CONTR) values ('WSN224300',to_date('01-01-2013 00:00:00','DD-MM-YYYY HH24:MI:SS'),to_date('01-01-2013 00:00:00','DD-MM-YYYY HH24:MI:SS'),to_date('31-12-2099 00:00:00','DD-MM-YYYY HH24:MI:SS'),'NA','NWS','XDSL','per tutte le VLAN identificate con il codice progetto WIN1305VLA, occorre applicare un contributo di attivazione pari a 11,85 €. In particolare l''attività dovrà essere effettuata fino al ciclo di novembre (compreso). ','3','1','POSTVAL','44');
Insert into WP1_TICKETGA (ID_TICKET,DATA_EMISSIONE,DATA_INIZIO_VAL,DATA_FINE_VAL,USER_NWS,USER_GA,SYSTEM,DESCRIZIONE,ORDINAMENTO,ACTIVE,TICKET_TYPE,CODE_TIPO_CONTR) values ('WSN232364',to_date('01-01-2013 00:00:00','DD-MM-YYYY HH24:MI:SS'),to_date('01-01-2013 00:00:00','DD-MM-YYYY HH24:MI:SS'),to_date('31-12-2099 00:00:00','DD-MM-YYYY HH24:MI:SS'),'NA','NWS','XDSL','per tutte le VLAN identificate con il codice progetto INP1301VLA, occorre applicare un contributo di attivazione pari a 11,85 €. In particolare l''attività dovrà essere effettuata dal ciclo corrente di settembre fino a quello di febbraio (compreso)','4','1','POSTVAL','44');
Insert into WP1_TICKETGA (ID_TICKET,DATA_EMISSIONE,DATA_INIZIO_VAL,DATA_FINE_VAL,USER_NWS,USER_GA,SYSTEM,DESCRIZIONE,ORDINAMENTO,ACTIVE,TICKET_TYPE,CODE_TIPO_CONTR) values ('WSN242724',to_date('01-01-2013 00:00:00','DD-MM-YYYY HH24:MI:SS'),to_date('01-01-2013 00:00:00','DD-MM-YYYY HH24:MI:SS'),to_date('31-12-2099 00:00:00','DD-MM-YYYY HH24:MI:SS'),'NA','NWS','XDSL','per l''operatore Panservice per il servizio Bitstream GBE, per tutte le VLAN identificate con il codice progetto PAN1301VLA, occorre applicare un contributo di attivazione pari a 11,85 .','5','1','POSTVAL','44');
Insert into WP1_TICKETGA (ID_TICKET,DATA_EMISSIONE,DATA_INIZIO_VAL,DATA_FINE_VAL,USER_NWS,USER_GA,SYSTEM,DESCRIZIONE,ORDINAMENTO,ACTIVE,TICKET_TYPE,CODE_TIPO_CONTR) values ('WSN245618',to_date('01-01-2013 00:00:00','DD-MM-YYYY HH24:MI:SS'),to_date('01-01-2013 00:00:00','DD-MM-YYYY HH24:MI:SS'),to_date('31-12-2099 00:00:00','DD-MM-YYYY HH24:MI:SS'),'NA','NWS','XDSL','Per tutte le VLAN identificate con il codice progetto WLI1400VLA, occorre applicare un contributo di attivazione pari a 11,85 € .','6','1','POSTVAL','44');
Insert into WP1_TICKETGA (ID_TICKET,DATA_EMISSIONE,DATA_INIZIO_VAL,DATA_FINE_VAL,USER_NWS,USER_GA,SYSTEM,DESCRIZIONE,ORDINAMENTO,ACTIVE,TICKET_TYPE,CODE_TIPO_CONTR) values ('pan1302mig',to_date('01-01-2013 00:00:00','DD-MM-YYYY HH24:MI:SS'),to_date('01-01-2013 00:00:00','DD-MM-YYYY HH24:MI:SS'),to_date('31-12-2099 00:00:00','DD-MM-YYYY HH24:MI:SS'),'NA','NWS','XDSL','Per tutte le VLAN identificate con il codice progetto PAN1302MIG, occorre applicare un contributo di attivazione pari a 10,20 €','7','1','POSTVAL','44');
Insert into WP1_TICKETGA (ID_TICKET,DATA_EMISSIONE,DATA_INIZIO_VAL,DATA_FINE_VAL,USER_NWS,USER_GA,SYSTEM,DESCRIZIONE,ORDINAMENTO,ACTIVE,TICKET_TYPE,CODE_TIPO_CONTR) values ('sei1401vla',to_date('01-01-2013 00:00:00','DD-MM-YYYY HH24:MI:SS'),to_date('01-01-2013 00:00:00','DD-MM-YYYY HH24:MI:SS'),to_date('31-12-2099 00:00:00','DD-MM-YYYY HH24:MI:SS'),'NA','NWS','XDSL','Per tutte le VLAN identificate con il codice progetto SEI1401VLAG, occorre applicare un contributo di attivazione pari a 11,72 €','8','1','POSTVAL','44');
Insert into WP1_TICKETGA (ID_TICKET,DATA_EMISSIONE,DATA_INIZIO_VAL,DATA_FINE_VAL,USER_NWS,USER_GA,SYSTEM,DESCRIZIONE,ORDINAMENTO,ACTIVE,TICKET_TYPE,CODE_TIPO_CONTR) values ('WSN259304',to_date('01-01-2013 00:00:00','DD-MM-YYYY HH24:MI:SS'),to_date('01-01-2013 00:00:00','DD-MM-YYYY HH24:MI:SS'),to_date('31-12-2099 00:00:00','DD-MM-YYYY HH24:MI:SS'),'NA','NWS','XDSL','per l''operatore SELENE contratto Bitstream GBE per tutte le richieste di attivazione VLAN identificate con il codice progetto SLN1401VLA, occorre applicare il contributo di migrazione pari a 10,20 . ','9','1','POSTVAL','44');
Insert into WP1_TICKETGA (ID_TICKET,DATA_EMISSIONE,DATA_INIZIO_VAL,DATA_FINE_VAL,USER_NWS,USER_GA,SYSTEM,DESCRIZIONE,ORDINAMENTO,ACTIVE,TICKET_TYPE,CODE_TIPO_CONTR) values ('WSN272625',to_date('01-01-2013 00:00:00','DD-MM-YYYY HH24:MI:SS'),to_date('01-01-2013 00:00:00','DD-MM-YYYY HH24:MI:SS'),to_date('31-12-2099 00:00:00','DD-MM-YYYY HH24:MI:SS'),'NA','NWS','XDSL','per l''operatore TERRECABLATE RETI E SERVIZI servizio Bitstream GBE, per tutte le richieste di attivazione VLAN identificate con il codice progetto CTB1401VLA, occorre applicare il contributo di attivazione con causale di migrazione pari a 10,20 .','10','1','POSTVAL','44');
Insert into WP1_TICKETGA (ID_TICKET,DATA_EMISSIONE,DATA_INIZIO_VAL,DATA_FINE_VAL,USER_NWS,USER_GA,SYSTEM,DESCRIZIONE,ORDINAMENTO,ACTIVE,TICKET_TYPE,CODE_TIPO_CONTR) values ('WSN249023',to_date('01-10-2014 00:00:00','DD-MM-YYYY HH24:MI:SS'),to_date('01-10-2014 00:00:00','DD-MM-YYYY HH24:MI:SS'),to_date('31-12-2099 00:00:00','DD-MM-YYYY HH24:MI:SS'),'NA','NA','REG','Per l''operatore Tiscali servizio Shared Access, non devono essere valorizzate NdC fino alla competenza 31-12-2013. Si tratta solo di canoni','1','1','POSTVAL','17');
Insert into WP1_TICKETGA (ID_TICKET,DATA_EMISSIONE,DATA_INIZIO_VAL,DATA_FINE_VAL,USER_NWS,USER_GA,SYSTEM,DESCRIZIONE,ORDINAMENTO,ACTIVE,TICKET_TYPE,CODE_TIPO_CONTR) values ('WSN249024',to_date('01-10-2014 00:00:00','DD-MM-YYYY HH24:MI:SS'),to_date('01-10-2014 00:00:00','DD-MM-YYYY HH24:MI:SS'),to_date('31-12-2099 00:00:00','DD-MM-YYYY HH24:MI:SS'),'NA','NA','REG','Per l''operatore Telecom Italia San Marino, contratti ULL e SHA, non bisogna valorizzare contributi di migrazione per linee SHA aventi codice progetto INT1200ULL','1','1','POSTVAL','17');
Insert into WP1_TICKETGA (ID_TICKET,DATA_EMISSIONE,DATA_INIZIO_VAL,DATA_FINE_VAL,USER_NWS,USER_GA,SYSTEM,DESCRIZIONE,ORDINAMENTO,ACTIVE,TICKET_TYPE,CODE_TIPO_CONTR) values ('WSN244172',to_date('01-10-2014 00:00:00','DD-MM-YYYY HH24:MI:SS'),to_date('01-10-2014 00:00:00','DD-MM-YYYY HH24:MI:SS'),to_date('31-12-2099 00:00:00','DD-MM-YYYY HH24:MI:SS'),'NA','NA','REG','Non bisogna valorizzare i contributi aggiuntivi di permuta relativi ai servizi ULL e ULL Dati per gli operatori Fastweb,Tiscali, Wind.Questo azzeraento vale fino al 31/12/2013.','1','1','POSTVAL','9');
Insert into WP1_TICKETGA (ID_TICKET,DATA_EMISSIONE,DATA_INIZIO_VAL,DATA_FINE_VAL,USER_NWS,USER_GA,SYSTEM,DESCRIZIONE,ORDINAMENTO,ACTIVE,TICKET_TYPE,CODE_TIPO_CONTR) values ('WSN244172_2',to_date('01-10-2014 00:00:00','DD-MM-YYYY HH24:MI:SS'),to_date('01-10-2014 00:00:00','DD-MM-YYYY HH24:MI:SS'),to_date('31-12-2099 00:00:00','DD-MM-YYYY HH24:MI:SS'),'NA','NA','REG','Non bisogna valorizzare i contributi aggiuntivi di permuta relativi ai servizi ULL e ULL Dati per gli operatori Fastweb,Tiscali, Wind.Questo azzeraento vale fino al 31/12/2013.','1','1','POSTVAL','9');
Insert into WP1_TICKETGA (ID_TICKET,DATA_EMISSIONE,DATA_INIZIO_VAL,DATA_FINE_VAL,USER_NWS,USER_GA,SYSTEM,DESCRIZIONE,ORDINAMENTO,ACTIVE,TICKET_TYPE,CODE_TIPO_CONTR) values ('WSN244172_3',to_date('01-10-2014 00:00:00','DD-MM-YYYY HH24:MI:SS'),to_date('01-10-2014 00:00:00','DD-MM-YYYY HH24:MI:SS'),to_date('31-12-2099 00:00:00','DD-MM-YYYY HH24:MI:SS'),'NA','NA','REG','Non bisogna valorizzare i contributi aggiuntivi di permuta relativi ai servizi ULL e ULL Dati per gli operatori Fastweb,Tiscali, Wind.Questo azzeraento vale fino al 31/12/2013.','1','1','POSTVAL','9');
Insert into WP1_TICKETGA (ID_TICKET,DATA_EMISSIONE,DATA_INIZIO_VAL,DATA_FINE_VAL,USER_NWS,USER_GA,SYSTEM,DESCRIZIONE,ORDINAMENTO,ACTIVE,TICKET_TYPE,CODE_TIPO_CONTR) values ('WSN244172_4',to_date('01-10-2014 00:00:00','DD-MM-YYYY HH24:MI:SS'),to_date('01-10-2014 00:00:00','DD-MM-YYYY HH24:MI:SS'),to_date('31-12-2099 00:00:00','DD-MM-YYYY HH24:MI:SS'),'NA','NA','REG','Non bisogna valorizzare i contributi aggiuntivi di permuta relativi ai servizi ULL e ULL Dati per gli operatori Fastweb,Tiscali, Wind.Questo azzeraento vale fino al 31/12/2013.','1','1','POSTVAL','9');
Insert into WP1_TICKETGA (ID_TICKET,DATA_EMISSIONE,DATA_INIZIO_VAL,DATA_FINE_VAL,USER_NWS,USER_GA,SYSTEM,DESCRIZIONE,ORDINAMENTO,ACTIVE,TICKET_TYPE,CODE_TIPO_CONTR) values ('WSN244172_5',to_date('01-10-2014 00:00:00','DD-MM-YYYY HH24:MI:SS'),to_date('01-10-2014 00:00:00','DD-MM-YYYY HH24:MI:SS'),to_date('31-12-2099 00:00:00','DD-MM-YYYY HH24:MI:SS'),'NA','NA','REG','Non bisogna valorizzare i contributi aggiuntivi di permuta relativi ai servizi ULL e ULL Dati per gli operatori Fastweb,Tiscali, Wind.Questo azzeraento vale fino al 31/12/2013.','1','1','POSTVAL','37');
Insert into WP1_TICKETGA (ID_TICKET,DATA_EMISSIONE,DATA_INIZIO_VAL,DATA_FINE_VAL,USER_NWS,USER_GA,SYSTEM,DESCRIZIONE,ORDINAMENTO,ACTIVE,TICKET_TYPE,CODE_TIPO_CONTR) values ('WSN244172_6',to_date('01-10-2014 00:00:00','DD-MM-YYYY HH24:MI:SS'),to_date('01-10-2014 00:00:00','DD-MM-YYYY HH24:MI:SS'),to_date('31-12-2099 00:00:00','DD-MM-YYYY HH24:MI:SS'),'NA','NA','REG','Non bisogna valorizzare i contributi aggiuntivi di permuta relativi ai servizi ULL e ULL Dati per gli operatori Fastweb,Tiscali, Wind.Questo azzeraento vale fino al 31/12/2013.','1','1','POSTVAL','37');
Insert into WP1_TICKETGA (ID_TICKET,DATA_EMISSIONE,DATA_INIZIO_VAL,DATA_FINE_VAL,USER_NWS,USER_GA,SYSTEM,DESCRIZIONE,ORDINAMENTO,ACTIVE,TICKET_TYPE,CODE_TIPO_CONTR) values ('WSN244172_7',to_date('01-10-2014 00:00:00','DD-MM-YYYY HH24:MI:SS'),to_date('01-10-2014 00:00:00','DD-MM-YYYY HH24:MI:SS'),to_date('31-12-2099 00:00:00','DD-MM-YYYY HH24:MI:SS'),'NA','NA','REG','Non bisogna valorizzare i contributi aggiuntivi di permuta relativi ai servizi ULL e ULL Dati per gli operatori Fastweb,Tiscali, Wind.Questo azzeraento vale fino al 31/12/2013.','1','1','POSTVAL','37');
Insert into WP1_TICKETGA (ID_TICKET,DATA_EMISSIONE,DATA_INIZIO_VAL,DATA_FINE_VAL,USER_NWS,USER_GA,SYSTEM,DESCRIZIONE,ORDINAMENTO,ACTIVE,TICKET_TYPE,CODE_TIPO_CONTR) values ('WSN266155',to_date('01-10-2014 00:00:00','DD-MM-YYYY HH24:MI:SS'),to_date('01-10-2014 00:00:00','DD-MM-YYYY HH24:MI:SS'),to_date('31-12-2099 00:00:00','DD-MM-YYYY HH24:MI:SS'),'NA','NA','REG','In ambito WLR per le nuove attivazioni su linea non attiva pervenute tra il 1 luglio 2014 e il 31 dicembre 2014 dovrà essere applicato uno sconto sui contributi in allegato. Si richiede dunque la gestione dello sconto fino al termine previsto per la stesso. Tale promozione va gestita in base alla data DRO','1','1','POSTVAL','41');
Insert into WP1_TICKETGA (ID_TICKET,DATA_EMISSIONE,DATA_INIZIO_VAL,DATA_FINE_VAL,USER_NWS,USER_GA,SYSTEM,DESCRIZIONE,ORDINAMENTO,ACTIVE,TICKET_TYPE,CODE_TIPO_CONTR) values ('EliminaDettOltre5Anni_FT_WLR',to_date('01-10-2014 00:00:00','DD-MM-YYYY HH24:MI:SS'),to_date('01-10-2014 00:00:00','DD-MM-YYYY HH24:MI:SS'),to_date('31-12-2099 00:00:00','DD-MM-YYYY HH24:MI:SS'),'NA','NWS','REG','Vanno eliminati dalle fatture tutti gli importi che fanno riferimento a periodi antecedenti 5 anni il ciclo di valorizzazione in corso.','1','1','POSTVAL','41');
Insert into WP1_TICKETGA (ID_TICKET,DATA_EMISSIONE,DATA_INIZIO_VAL,DATA_FINE_VAL,USER_NWS,USER_GA,SYSTEM,DESCRIZIONE,ORDINAMENTO,ACTIVE,TICKET_TYPE,CODE_TIPO_CONTR) values ('EliminaDettOltre5Anni_NC_WLR',to_date('01-10-2014 00:00:00','DD-MM-YYYY HH24:MI:SS'),to_date('01-10-2014 00:00:00','DD-MM-YYYY HH24:MI:SS'),to_date('31-12-2099 00:00:00','DD-MM-YYYY HH24:MI:SS'),'NA','NWS','REG','Vanno eliminati dalle fatture tutti gli importi che fanno riferimento a periodi antecedenti 5 anni il ciclo di valorizzazione in corso.','1','1','POSTVAL','41');
Insert into WP1_TICKETGA (ID_TICKET,DATA_EMISSIONE,DATA_INIZIO_VAL,DATA_FINE_VAL,USER_NWS,USER_GA,SYSTEM,DESCRIZIONE,ORDINAMENTO,ACTIVE,TICKET_TYPE,CODE_TIPO_CONTR) values ('WSN239891',to_date('01-01-2013 00:00:00','DD-MM-YYYY HH24:MI:SS'),to_date('01-01-2013 00:00:00','DD-MM-YYYY HH24:MI:SS'),to_date('31-12-2099 00:00:00','DD-MM-YYYY HH24:MI:SS'),'NA','NWS','XDSL','Per l''operatore Welcome dovrà applicarsi un contributo di variazione pari a zero per l''attività di spostamento VP da un KIT ATM ad un altro. In particolare l''attività dovrà essere effettuata per tutti gli spostamenti identificati con il codice progetto WLI1302MIG. ','1','1','POSTVAL','42');
Insert into WP1_TICKETGA (ID_TICKET,DATA_EMISSIONE,DATA_INIZIO_VAL,DATA_FINE_VAL,USER_NWS,USER_GA,SYSTEM,DESCRIZIONE,ORDINAMENTO,ACTIVE,TICKET_TYPE,CODE_TIPO_CONTR) values ('eliminaNoteCredWind_2',to_date('01-01-2013 00:00:00','DD-MM-YYYY HH24:MI:SS'),to_date('01-01-2013 00:00:00','DD-MM-YYYY HH24:MI:SS'),to_date('31-12-2099 00:00:00','DD-MM-YYYY HH24:MI:SS'),'NA','NWS','REG','Per l''olo Wind vanno eliminati dalle note di credito tutti gli importi che fanno riferimento a periodi antecedenti il 01/01/2012','2','1','POSTVAL','41');
Insert into WP1_TICKETGA (ID_TICKET,DATA_EMISSIONE,DATA_INIZIO_VAL,DATA_FINE_VAL,USER_NWS,USER_GA,SYSTEM,DESCRIZIONE,ORDINAMENTO,ACTIVE,TICKET_TYPE,CODE_TIPO_CONTR) values ('ATTIVITA_PRO_POSTWRITE',to_date('01-10-2014 00:00:00','DD-MM-YYYY HH24:MI:SS'),to_date('01-10-2014 00:00:00','DD-MM-YYYY HH24:MI:SS'),to_date('31-12-2099 00:00:00','DD-MM-YYYY HH24:MI:SS'),'NA','NA',null,'Attività pro postwrite','1','1','SAP','1');
Insert into WP1_TICKETGA (ID_TICKET,DATA_EMISSIONE,DATA_INIZIO_VAL,DATA_FINE_VAL,USER_NWS,USER_GA,SYSTEM,DESCRIZIONE,ORDINAMENTO,ACTIVE,TICKET_TYPE,CODE_TIPO_CONTR) values ('ATTIVITA_POST_RESOCONTO',to_date('01-10-2014 00:00:00','DD-MM-YYYY HH24:MI:SS'),to_date('01-10-2014 00:00:00','DD-MM-YYYY HH24:MI:SS'),to_date('31-12-2099 00:00:00','DD-MM-YYYY HH24:MI:SS'),'NA','NA',null,'Attività post resoconto','1','1','SAP','3');
Insert into WP1_TICKETGA (ID_TICKET,DATA_EMISSIONE,DATA_INIZIO_VAL,DATA_FINE_VAL,USER_NWS,USER_GA,SYSTEM,DESCRIZIONE,ORDINAMENTO,ACTIVE,TICKET_TYPE,CODE_TIPO_CONTR) values ('ATTIVITA_PRO_RESOCONTO',to_date('01-10-2014 00:00:00','DD-MM-YYYY HH24:MI:SS'),to_date('01-10-2014 00:00:00','DD-MM-YYYY HH24:MI:SS'),to_date('31-12-2099 00:00:00','DD-MM-YYYY HH24:MI:SS'),'NA','NA',null,'Attività pro resoconto','1','1','SAP','2');
REM INSERTING into WP1_TICKETGA_ELABORATION
SET DEFINE OFF;
REM INSERTING into WP1_TICKETGA_ELABORATION_DET
SET DEFINE OFF;
REM INSERTING into WP1JOB_TEMP
SET DEFINE OFF;
--------------------------------------------------------
--  DDL for Index WP1_CONDITIONS_PK
--------------------------------------------------------

  CREATE UNIQUE INDEX WP1_CONDITIONS_PK ON WP1_CONDITIONS (ID_CONDITION) 
  ;
--------------------------------------------------------
--  DDL for Index WP1_CONFIG_PK
--------------------------------------------------------

  CREATE UNIQUE INDEX WP1_CONFIG_PK ON WP1_CONFIG (COMPONENT_NAME, PARAM_NAME) 
  ;
--------------------------------------------------------
--  DDL for Index WP1_I5_2SP_TCKTINDX1
--------------------------------------------------------

  CREATE INDEX WP1_I5_2SP_TCKTINDX1 ON WP1_I5_2SP_TCKT_DETT_FAT_XDSL (CODE_RIGA_FATTURA, CODE_DOC_FATTURA, ID_TICKET) 
  ;
--------------------------------------------------------
--  DDL for Index WP1_I5_2SP_TCKT_DETT_FAT_X_PK
--------------------------------------------------------

  CREATE INDEX WP1_I5_2SP_TCKT_DETT_FAT_X_PK ON WP1_I5_2SP_TCKT_DETT_FAT_XDSL (CODE_RIGA_FATTURA, CODE_DOC_FATTURA) 
  ;
--------------------------------------------------------
--  DDL for Index WP1_I5_2SP_TCKT_NOTA_CRED__PK
--------------------------------------------------------

  CREATE UNIQUE INDEX WP1_I5_2SP_TCKT_NOTA_CRED__PK ON WP1_I5_2SP_TCKT_NOTA_CRED_XDSL (CODE_RIGA_NOTA_CRED, CODE_NOTA_CRED) 
  ;
--------------------------------------------------------
--  DDL for Index WP1_INSTANCE_EXEC_PK
--------------------------------------------------------

  CREATE UNIQUE INDEX WP1_INSTANCE_EXEC_PK ON WP1_INSTANCE_EXEC (ID_TICKET, ID_JOB, COUNTER) 
  ;
--------------------------------------------------------
--  DDL for Index WP1_INSTANCE_PARAMETERS_PK
--------------------------------------------------------

  CREATE UNIQUE INDEX WP1_INSTANCE_PARAMETERS_PK ON WP1_INSTANCE_PARAMETERS (NAME_PARAM, ID_TICKET, ID_JOB, COUNTER) 
  ;
--------------------------------------------------------
--  DDL for Index WP1_JOB_PK
--------------------------------------------------------

  CREATE UNIQUE INDEX WP1_JOB_PK ON WP1_JOB (ID_JOB) 
  ;
--------------------------------------------------------
--  DDL for Index WP1_JOB_CONDITION_PK
--------------------------------------------------------

  CREATE UNIQUE INDEX WP1_JOB_CONDITION_PK ON WP1_JOB_CONDITION (ID_JOB, ID_CONDITION) 
  ;
--------------------------------------------------------
--  DDL for Index WP1_JOB_OPERATION_PK
--------------------------------------------------------

  CREATE UNIQUE INDEX WP1_JOB_OPERATION_PK ON WP1_JOB_OPERATION (ID_JOB, ID_OPERATION) 
  ;
--------------------------------------------------------
--  DDL for Index WP1_LOG_KEY_INDEX1
--------------------------------------------------------

  CREATE INDEX WP1_LOG_KEY_INDEX1 ON WP1_LOG_KEY (ID_JOB) 
  ;
--------------------------------------------------------
--  DDL for Index WP1_OPERATIONS_PK
--------------------------------------------------------

  CREATE UNIQUE INDEX WP1_OPERATIONS_PK ON WP1_OPERATIONS (ID_OPERATION) 
  ;
--------------------------------------------------------
--  DDL for Index WP1_SERVICES_INDEX1
--------------------------------------------------------

  CREATE UNIQUE INDEX WP1_SERVICES_INDEX1 ON WP1_SERVICES (ID_SERVICE) 
  ;
--------------------------------------------------------
--  DDL for Index WP1_TICKETGA_PK
--------------------------------------------------------

  CREATE UNIQUE INDEX WP1_TICKETGA_PK ON WP1_TICKETGA (ID_TICKET) 
  ;
--------------------------------------------------------
--  DDL for Index WP1_TICK_ELAB_INDEX
--------------------------------------------------------

  CREATE UNIQUE INDEX WP1_TICK_ELAB_INDEX ON WP1_TICKETGA_ELABORATION (ID_TICKET, ID_ELABORAZIONE) 
  ;
--------------------------------------------------------
--  DDL for Index WP1_TICKETGA_ELABORATION_D_PK1
--------------------------------------------------------

  CREATE UNIQUE INDEX WP1_TICKETGA_ELABORATION_D_PK1 ON WP1_TICKETGA_ELABORATION_DET (ID_ELABORAZIONE, ID_TICKET, ID_JOB, CONTATORE) 
  ;
--------------------------------------------------------
--  Constraints for Table WP1_ANALISI_TREND
--------------------------------------------------------

  ALTER TABLE WP1_ANALISI_TREND MODIFY (ID_ELAB NOT NULL ENABLE);
 
  ALTER TABLE WP1_ANALISI_TREND MODIFY (CODE_ACCOUNT NOT NULL ENABLE);
 
  ALTER TABLE WP1_ANALISI_TREND MODIFY (IMPORTO_FT_CORRENTE NOT NULL ENABLE);
 
  ALTER TABLE WP1_ANALISI_TREND MODIFY (IMPORTO_NC_CORRENTE NOT NULL ENABLE);
--------------------------------------------------------
--  Constraints for Table WP1_CONDITIONS
--------------------------------------------------------

  ALTER TABLE WP1_CONDITIONS MODIFY (ID_CONDITION NOT NULL ENABLE);
 
  ALTER TABLE WP1_CONDITIONS MODIFY (FIELD NOT NULL ENABLE);
 
  ALTER TABLE WP1_CONDITIONS MODIFY (OPERATOR NOT NULL ENABLE);
 
  ALTER TABLE WP1_CONDITIONS MODIFY (OPERANDS NOT NULL ENABLE);
 
  ALTER TABLE WP1_CONDITIONS MODIFY (FIELD_TYPE NOT NULL ENABLE);
 
  ALTER TABLE WP1_CONDITIONS MODIFY (COND_TYPE NOT NULL ENABLE);
 
  ALTER TABLE WP1_CONDITIONS ADD CONSTRAINT WP1_CONDITIONS_CHK1 CHECK (OPERATOR IN ('=','<','>','<=','>=','!=','LIKE','COMPLEX','RAWSTATEMENT')) ENABLE;
 
  ALTER TABLE WP1_CONDITIONS ADD CONSTRAINT WP1_CONDITIONS_PK PRIMARY KEY (ID_CONDITION) ENABLE;
 
  ALTER TABLE WP1_CONDITIONS ADD CONSTRAINT WP1_COND_CHECK_FIELD_TYPE CHECK (FIELD_TYPE IN ('STRING','NUMBER', 'DATE', 'FIELD','TABLE')) ENABLE;
--------------------------------------------------------
--  Constraints for Table WP1_CONFIG
--------------------------------------------------------

  ALTER TABLE WP1_CONFIG MODIFY (COMPONENT_NAME NOT NULL ENABLE);
 
  ALTER TABLE WP1_CONFIG MODIFY (PARAM_NAME NOT NULL ENABLE);
 
  ALTER TABLE WP1_CONFIG ADD CONSTRAINT WP1_CONFIG_CHECK_ACTIVE CHECK (ACTIVE IN (0,1)) ENABLE;
 
  ALTER TABLE WP1_CONFIG ADD CONSTRAINT WP1_CONFIG_PK PRIMARY KEY (COMPONENT_NAME, PARAM_NAME) ENABLE;
--------------------------------------------------------
--  Constraints for Table WP1_I5_2SP_TCKT_DETT_FAT_XDSL
--------------------------------------------------------

  ALTER TABLE WP1_I5_2SP_TCKT_DETT_FAT_XDSL MODIFY (ID_TICKET NOT NULL ENABLE);
 
  ALTER TABLE WP1_I5_2SP_TCKT_DETT_FAT_XDSL MODIFY (ID_ELABORAZIONE NOT NULL ENABLE);
--------------------------------------------------------
--  Constraints for Table WP1_I5_2SP_TCKT_NOTA_CRED_XDSL
--------------------------------------------------------

  ALTER TABLE WP1_I5_2SP_TCKT_NOTA_CRED_XDSL MODIFY (CODE_RIGA_NOTA_CRED NOT NULL ENABLE);
 
  ALTER TABLE WP1_I5_2SP_TCKT_NOTA_CRED_XDSL MODIFY (CODE_NOTA_CRED NOT NULL ENABLE);
 
  ALTER TABLE WP1_I5_2SP_TCKT_NOTA_CRED_XDSL MODIFY (DESC_RIGA_NOTA_CRED NOT NULL ENABLE);
 
  ALTER TABLE WP1_I5_2SP_TCKT_NOTA_CRED_XDSL MODIFY (IMPT_RIGA_NOTA_CRED NOT NULL ENABLE);
 
  ALTER TABLE WP1_I5_2SP_TCKT_NOTA_CRED_XDSL MODIFY (QNTA_GG_OGG_FATRZ NOT NULL ENABLE);
 
  ALTER TABLE WP1_I5_2SP_TCKT_NOTA_CRED_XDSL MODIFY (DATA_AA_RIF_FATTURA NOT NULL ENABLE);
 
  ALTER TABLE WP1_I5_2SP_TCKT_NOTA_CRED_XDSL MODIFY (DATA_MM_RIF_FATTURA NOT NULL ENABLE);
 
  ALTER TABLE WP1_I5_2SP_TCKT_NOTA_CRED_XDSL MODIFY (TIPO_FLAG_IMPT_RATEO NOT NULL ENABLE);
 
  ALTER TABLE WP1_I5_2SP_TCKT_NOTA_CRED_XDSL MODIFY (ID_TICKET NOT NULL ENABLE);
 
  ALTER TABLE WP1_I5_2SP_TCKT_NOTA_CRED_XDSL MODIFY (ID_ELABORAZIONE NOT NULL ENABLE);
--------------------------------------------------------
--  Constraints for Table WP1_I5_5TCKT_SCARTI_VALORIZ
--------------------------------------------------------

  ALTER TABLE WP1_I5_5TCKT_SCARTI_VALORIZ MODIFY (CODE_ITRF_FAT_XDSL_XML_RIF NOT NULL ENABLE);
 
  ALTER TABLE WP1_I5_5TCKT_SCARTI_VALORIZ MODIFY (CODE_SCARTO NOT NULL ENABLE);
 
  ALTER TABLE WP1_I5_5TCKT_SCARTI_VALORIZ MODIFY (DESC_SCARTO NOT NULL ENABLE);
 
  ALTER TABLE WP1_I5_5TCKT_SCARTI_VALORIZ MODIFY (DATA_SCARTO NOT NULL ENABLE);
 
  ALTER TABLE WP1_I5_5TCKT_SCARTI_VALORIZ MODIFY (STATO_SCARTO NOT NULL ENABLE);
 
  ALTER TABLE WP1_I5_5TCKT_SCARTI_VALORIZ MODIFY (SEQ_SCARTO NOT NULL ENABLE);
--------------------------------------------------------
--  Constraints for Table WP1_INSTANCE_EXEC
--------------------------------------------------------

  ALTER TABLE WP1_INSTANCE_EXEC MODIFY (ID_TICKET NOT NULL ENABLE);
 
  ALTER TABLE WP1_INSTANCE_EXEC MODIFY (ID_JOB NOT NULL ENABLE);
 
  ALTER TABLE WP1_INSTANCE_EXEC MODIFY (COUNTER NOT NULL ENABLE);
 
  ALTER TABLE WP1_INSTANCE_EXEC ADD CONSTRAINT WP1_INSTANCE_EXEC_PK PRIMARY KEY (ID_TICKET, ID_JOB, COUNTER) ENABLE;
--------------------------------------------------------
--  Constraints for Table WP1_INSTANCE_PARAMETERS
--------------------------------------------------------

  ALTER TABLE WP1_INSTANCE_PARAMETERS MODIFY (NAME_PARAM NOT NULL ENABLE);
 
  ALTER TABLE WP1_INSTANCE_PARAMETERS MODIFY (ID_TICKET NOT NULL ENABLE);
 
  ALTER TABLE WP1_INSTANCE_PARAMETERS MODIFY (ID_JOB NOT NULL ENABLE);
 
  ALTER TABLE WP1_INSTANCE_PARAMETERS MODIFY (IS_MACRO NOT NULL ENABLE);
 
  ALTER TABLE WP1_INSTANCE_PARAMETERS MODIFY (COUNTER NOT NULL ENABLE);
 
  ALTER TABLE WP1_INSTANCE_PARAMETERS ADD CONSTRAINT WP1_INSTANCE_PARAMETERS_CHK1 CHECK (IS_MACRO in (0,1)) ENABLE;
 
  ALTER TABLE WP1_INSTANCE_PARAMETERS ADD CONSTRAINT WP1_INSTANCE_PARAMETERS_PK PRIMARY KEY (NAME_PARAM, ID_TICKET, ID_JOB, COUNTER) ENABLE;
--------------------------------------------------------
--  Constraints for Table WP1_JOB
--------------------------------------------------------

  ALTER TABLE WP1_JOB MODIFY (ID_JOB NOT NULL ENABLE);
 
  ALTER TABLE WP1_JOB MODIFY (DESCRIZIONE NOT NULL ENABLE);
 
  ALTER TABLE WP1_JOB MODIFY (ACTIVE NOT NULL ENABLE);
 
  ALTER TABLE WP1_JOB MODIFY (MASTERTABLE NOT NULL ENABLE);
 
  ALTER TABLE WP1_JOB ADD CONSTRAINT SYS_C005170 CHECK (ACTIVE=0 OR ACTIVE=1) ENABLE;
 
  ALTER TABLE WP1_JOB ADD CONSTRAINT WP1_JOB_PK PRIMARY KEY (ID_JOB) ENABLE;
--------------------------------------------------------
--  Constraints for Table WP1_JOB_CONDITION
--------------------------------------------------------

  ALTER TABLE WP1_JOB_CONDITION MODIFY (ID_JOB NOT NULL ENABLE);
 
  ALTER TABLE WP1_JOB_CONDITION MODIFY (ID_CONDITION NOT NULL ENABLE);
 
  ALTER TABLE WP1_JOB_CONDITION MODIFY (OPTIONAL NOT NULL ENABLE);
 
  ALTER TABLE WP1_JOB_CONDITION ADD CONSTRAINT WP1_JOB_CONDITION_CHK1 CHECK (OPTIONAL in (0,1)) ENABLE;
 
  ALTER TABLE WP1_JOB_CONDITION ADD CONSTRAINT WP1_JOB_CONDITION_PK PRIMARY KEY (ID_JOB, ID_CONDITION) ENABLE;
--------------------------------------------------------
--  Constraints for Table WP1_JOB_OPERATION
--------------------------------------------------------

  ALTER TABLE WP1_JOB_OPERATION MODIFY (ID_JOB NOT NULL ENABLE);
 
  ALTER TABLE WP1_JOB_OPERATION MODIFY (ID_OPERATION NOT NULL ENABLE);
 
  ALTER TABLE WP1_JOB_OPERATION ADD CONSTRAINT WP1_JOB_OPERATION_PK PRIMARY KEY (ID_JOB, ID_OPERATION) ENABLE;
--------------------------------------------------------
--  Constraints for Table WP1_LOG
--------------------------------------------------------

  ALTER TABLE WP1_LOG MODIFY (TS NOT NULL ENABLE);
 
  ALTER TABLE WP1_LOG MODIFY (ID_ELAB NOT NULL ENABLE);
--------------------------------------------------------
--  Constraints for Table WP1_LOG_KEY
--------------------------------------------------------

  ALTER TABLE WP1_LOG_KEY MODIFY (ID_JOB NOT NULL ENABLE);
 
  ALTER TABLE WP1_LOG_KEY MODIFY (ID_TICKET NOT NULL ENABLE);
--------------------------------------------------------
--  Constraints for Table WP1_OPERATIONS
--------------------------------------------------------

  ALTER TABLE WP1_OPERATIONS MODIFY (ID_OPERATION NOT NULL ENABLE);
 
  ALTER TABLE WP1_OPERATIONS MODIFY (FIELD NOT NULL ENABLE);
 
  ALTER TABLE WP1_OPERATIONS MODIFY (OPERATOR NOT NULL ENABLE);
 
  ALTER TABLE WP1_OPERATIONS MODIFY (OPERAND NOT NULL ENABLE);
 
  ALTER TABLE WP1_OPERATIONS MODIFY (OP_TYPE NOT NULL ENABLE);
 
  ALTER TABLE WP1_OPERATIONS ADD CONSTRAINT WP1_OPERATIONS_CHK_OPERATOR CHECK (OPERATOR IN ('SET','COMPLEX','RAWSTATEMENT','DELETE','POSTCOMPLEX')) ENABLE;
 
  ALTER TABLE WP1_OPERATIONS ADD CONSTRAINT WP1_OPERATIONS_PK PRIMARY KEY (ID_OPERATION) ENABLE;
--------------------------------------------------------
--  Constraints for Table WP1_SERVICES
--------------------------------------------------------

  ALTER TABLE WP1_SERVICES MODIFY (ID_SERVICE NOT NULL ENABLE);
--------------------------------------------------------
--  Constraints for Table WP1_TICKETGA
--------------------------------------------------------

  ALTER TABLE WP1_TICKETGA MODIFY (ID_TICKET NOT NULL ENABLE);
 
  ALTER TABLE WP1_TICKETGA MODIFY (DATA_EMISSIONE NOT NULL ENABLE);
 
  ALTER TABLE WP1_TICKETGA MODIFY (DATA_INIZIO_VAL NOT NULL ENABLE);
 
  ALTER TABLE WP1_TICKETGA MODIFY (DATA_FINE_VAL NOT NULL ENABLE);
 
  ALTER TABLE WP1_TICKETGA ADD CONSTRAINT WP1_TICKETGA_ACTIVE_CHECK CHECK (ACTIVE IN (0,1)) ENABLE;
 
  ALTER TABLE WP1_TICKETGA ADD CONSTRAINT WP1_TICKETGA_PK PRIMARY KEY (ID_TICKET) ENABLE;
--------------------------------------------------------
--  Constraints for Table WP1_TICKETGA_ELABORATION
--------------------------------------------------------

  ALTER TABLE WP1_TICKETGA_ELABORATION MODIFY (ID_ELABORAZIONE NOT NULL ENABLE);
 
  ALTER TABLE WP1_TICKETGA_ELABORATION MODIFY (ID_TICKET NOT NULL ENABLE);
 
  ALTER TABLE WP1_TICKETGA_ELABORATION ADD CONSTRAINT WP1_TICKETGA_ELABORATION_PK PRIMARY KEY (ID_ELABORAZIONE, ID_TICKET) ENABLE;
 
  ALTER TABLE WP1_TICKETGA_ELABORATION ADD CONSTRAINT WP1_TICKET_GA_ELAB_ESITO_CHECK CHECK (ESITO IN ('OK','KO','RUNNING')) ENABLE;
--------------------------------------------------------
--  Constraints for Table WP1_TICKETGA_ELABORATION_DET
--------------------------------------------------------

  ALTER TABLE WP1_TICKETGA_ELABORATION_DET MODIFY (ID_ELABORAZIONE NOT NULL ENABLE);
 
  ALTER TABLE WP1_TICKETGA_ELABORATION_DET MODIFY (ID_TICKET NOT NULL ENABLE);
 
  ALTER TABLE WP1_TICKETGA_ELABORATION_DET MODIFY (ID_JOB NOT NULL ENABLE);
 
  ALTER TABLE WP1_TICKETGA_ELABORATION_DET MODIFY (CONTATORE NOT NULL ENABLE);
 
  ALTER TABLE WP1_TICKETGA_ELABORATION_DET ADD CONSTRAINT WP1_TICKETGA_ELABORATION_CHK1 CHECK (ESITO IN ('OK','KO','RUNNING')) ENABLE;
 
  ALTER TABLE WP1_TICKETGA_ELABORATION_DET ADD CONSTRAINT WP1_TICKETGA_ELABORATION_D_PK PRIMARY KEY (ID_ELABORAZIONE, ID_TICKET, ID_JOB, CONTATORE) ENABLE;
--------------------------------------------------------
--  Constraints for Table WP1JOB_TEMP
--------------------------------------------------------

  ALTER TABLE WP1JOB_TEMP MODIFY (PARAM_NAME NOT NULL ENABLE);
--------------------------------------------------------
--  Ref Constraints for Table WP1_INSTANCE_EXEC
--------------------------------------------------------

  ALTER TABLE WP1_INSTANCE_EXEC ADD CONSTRAINT WP1_INSTANCE_EXEC_FK_ID_JOB FOREIGN KEY (ID_JOB)
	  REFERENCES WP1_JOB (ID_JOB) ENABLE;
 
  ALTER TABLE WP1_INSTANCE_EXEC ADD CONSTRAINT WP1_INSTANCE_EXEC_FK_ID_TICKET FOREIGN KEY (ID_TICKET)
	  REFERENCES WP1_TICKETGA (ID_TICKET) ENABLE;
--------------------------------------------------------
--  Ref Constraints for Table WP1_INSTANCE_PARAMETERS
--------------------------------------------------------

  ALTER TABLE WP1_INSTANCE_PARAMETERS ADD CONSTRAINT WP1_INST_PAR FOREIGN KEY (ID_TICKET)
	  REFERENCES WP1_TICKETGA (ID_TICKET) ENABLE;
 
  ALTER TABLE WP1_INSTANCE_PARAMETERS ADD CONSTRAINT WP1_INST_PAR_1 FOREIGN KEY (ID_JOB)
	  REFERENCES WP1_JOB (ID_JOB) ENABLE;
--------------------------------------------------------
--  Ref Constraints for Table WP1_JOB_CONDITION
--------------------------------------------------------

  ALTER TABLE WP1_JOB_CONDITION ADD CONSTRAINT WP1_JOB_COND_FK_ID_COND FOREIGN KEY (ID_CONDITION)
	  REFERENCES WP1_CONDITIONS (ID_CONDITION) ENABLE;
 
  ALTER TABLE WP1_JOB_CONDITION ADD CONSTRAINT WP1_JOB_COND_FK_ID_JOB FOREIGN KEY (ID_JOB)
	  REFERENCES WP1_JOB (ID_JOB) ENABLE;
--------------------------------------------------------
--  Ref Constraints for Table WP1_JOB_OPERATION
--------------------------------------------------------

  ALTER TABLE WP1_JOB_OPERATION ADD CONSTRAINT WP1_JOB_OPER_FK_ID_JOB FOREIGN KEY (ID_JOB)
	  REFERENCES WP1_JOB (ID_JOB) ENABLE;
 
  ALTER TABLE WP1_JOB_OPERATION ADD CONSTRAINT WP1_JOB_OPER_FK_ID_OPER FOREIGN KEY (ID_OPERATION)
	  REFERENCES WP1_OPERATIONS (ID_OPERATION) ENABLE;
--------------------------------------------------------
--  Ref Constraints for Table WP1_TICKETGA_ELABORATION_DET
--------------------------------------------------------

  ALTER TABLE WP1_TICKETGA_ELABORATION_DET ADD CONSTRAINT WP1_TICKETGA_ELABORATION__FK1 FOREIGN KEY (ID_ELABORAZIONE, ID_TICKET)
	  REFERENCES WP1_TICKETGA_ELABORATION (ID_ELABORAZIONE, ID_TICKET) ENABLE;
    

--------------------------------------------------------
--  FINE SCRIPT
--------------------------------------------------------


commit;
spool off;
